PassengerId,Pclass,Sex,Age,SibSp,Parch,Fare,Embarked,FamilySize,Name_length,IsAlone,Title,Survived
1,3,0,-0.6008535347846057,1,0,-0.5035948611437696,1,2,-0.4346722310760017,0,Mr,0
2,1,1,0.6120194268815157,1,0,0.734502563508859,2,2,2.5118057813888788,0,Mrs,1
3,3,1,-0.29763529436807534,0,0,-0.4905435931060373,1,1,-0.5399035886640332,1,Miss,1
4,1,1,0.38460574656911795,1,0,0.38292460482664,1,2,1.7751862782726588,0,Mrs,1
5,3,0,0.38460574656911795,0,0,-0.48812669161756833,1,1,-0.3294408734879703,1,Mr,0
6,3,0,0.19854581869126806,0,0,-0.48023212459563336,0,1,-1.171291734192222,1,Mr,0
7,1,0,1.8248923885476371,0,0,0.35899728009079734,1,1,-0.4346722310760017,1,Mr,0
8,3,0,-2.1169447368672576,3,1,-0.23628555651910413,1,5,0.30194727204021843,0,Master,0
9,3,1,-0.22183073426394276,0,2,-0.428510432742398,1,3,2.3013430662128163,0,Mrs,1
10,2,1,-1.2072900156176665,1,0,-0.06234985723935256,2,2,0.8281040599803757,0,Mrs,1
11,3,1,-1.9653356166589924,1,1,-0.32087710861551727,1,3,0.4071786296282499,0,Miss,1
12,1,1,2.1281106289641674,0,0,-0.13042527132416426,1,1,-0.3294408734879703,1,Miss,1
13,3,0,-0.7524626549928709,0,0,-0.48812669161756833,1,1,0.30194727204021843,1,Mr,0
14,3,0,0.6878239869856483,1,5,-0.03906639506003812,1,7,-0.013746800723875921,0,Mr,0
15,3,1,-1.2072900156176665,0,0,-0.49191252610910613,1,1,0.9333354175684072,1,Miss,0
16,2,1,1.9006969486517697,0,0,-0.33441175695094333,1,1,0.5124099872162814,1,Mrs,1
17,3,0,-2.1169447368672576,4,1,-0.08063710066170397,0,6,-0.7503663038400961,0,Master,0
18,2,0,0.19854581869126806,0,0,-0.39241739267419806,1,1,0.09148455686415553,1,Mr,1
19,3,1,0.08138750615258758,1,0,-0.2957413331354402,1,2,2.9327312117410047,0,Mrs,0
20,3,1,0.5388592118972947,0,0,-0.5040782414414634,2,1,-0.4346722310760017,1,Mrs,1
21,2,0,0.38460574656911795,0,0,-0.14105963787342762,1,1,-0.7503663038400961,1,Mr,0
22,2,0,0.30880118646498533,0,0,-0.39241739267419806,1,1,-0.6451349462520647,1,Mr,1
23,3,1,-1.1314854555135339,0,0,-0.4885288640252496,0,1,-0.013746800723875921,1,Miss,1
24,1,0,-0.14602617415981017,0,0,0.0426248752502123,1,1,0.09148455686415553,1,Mr,1
25,3,1,-1.662117376242462,3,1,-0.23628555651910413,1,5,0.19671591445218697,0,Miss,0
26,3,1,0.6120194268815157,1,5,-0.03689118372041605,1,7,3.1431939269170677,0,Mrs,1
27,3,0,0.19854581869126806,0,0,-0.5040782414414634,2,1,-0.4346722310760017,1,Mr,0
28,1,0,-0.8282672150970034,3,2,4.441385584263695,1,6,0.30194727204021843,0,Mr,0
29,3,1,-0.613396709893425,0,0,-0.4914291458114123,0,1,0.19671591445218697,1,Miss,1
30,3,0,0.19854581869126806,0,0,-0.4911081812937436,1,1,-0.8555976614281275,1,Mr,0
31,1,0,0.7636285470897809,0,0,-0.10778760522256871,2,1,-0.3294408734879703,1,Mr,0
32,1,1,0.5388592118972947,1,0,2.1892355694183183,2,2,1.9856489934487218,0,Mrs,1
33,3,1,-0.613396709893425,0,0,-0.49392725518989383,0,1,-0.3294408734879703,1,Miss,1
34,2,0,2.734547109797228,0,0,-0.440755422443577,1,1,-0.6451349462520647,1,Mr,0
35,1,0,-0.14602617415981017,1,0,0.9450146831545043,2,2,-0.4346722310760017,0,Mr,0
36,1,0,0.915237667298046,1,0,0.36165587172811325,1,2,0.30194727204021843,0,Mr,0
37,3,0,0.19854581869126806,0,0,-0.5039970335514509,2,1,-1.171291734192222,1,Mr,1
38,3,0,-0.6766580948887383,0,0,-0.48812669161756833,1,1,-0.3294408734879703,1,Mr,0
39,3,1,-0.904071775201136,2,0,-0.2957413331354402,1,3,0.7228727023923442,0,Miss,0
40,3,1,-1.2072900156176665,1,0,-0.4264144957715976,2,2,-0.013746800723875921,0,Miss,1
41,3,1,0.7636285470897809,1,0,-0.4605740146490223,1,2,1.9856489934487218,0,Mrs,0
42,2,1,-0.22183073426394276,1,0,-0.23773569741218548,1,2,3.037962569329036,0,Mrs,0
43,3,0,0.19854581869126806,0,0,-0.4911081812937436,2,1,-0.8555976614281275,1,Mr,0
44,2,1,-2.041140176763125,1,2,0.16016749547981565,2,4,1.354260847920533,0,Miss,1
45,3,1,-0.8282672150970034,0,0,-0.4914291458114123,0,1,0.19671591445218697,1,Miss,1
46,3,0,0.19854581869126806,0,0,-0.48812669161756833,1,1,-0.3294408734879703,1,Mr,0
47,3,0,0.19854581869126806,1,0,-0.3440793629048191,0,2,-1.0660603766041905,0,Mr,0
48,3,1,-0.613396709893425,0,0,-0.49392725518989383,0,1,-0.22420951589993884,1,Miss,1
49,3,0,0.19854581869126806,2,0,-0.2246032214844406,2,3,-0.8555976614281275,0,Mr,0
50,3,1,-0.904071775201136,1,0,-0.2996083755169905,1,2,1.8804176358606903,0,Mrs,0
51,3,0,-1.7379219363465945,4,1,0.123591075113922,1,6,-0.11897815831190738,0,Master,0
52,3,0,-0.6766580948887383,0,0,-0.4929604945945062,1,1,0.09148455686415553,1,Mr,0
53,1,1,1.445869588026974,1,0,0.8398001940372836,2,2,1.354260847920533,0,Mrs,1
54,2,1,-0.0702216140556776,1,0,-0.14105963787342762,1,2,2.4065744238008477,0,Mrs,1
55,1,0,2.658742549693095,0,1,0.5546058183979476,2,2,0.30194727204021843,0,Mr,0
56,1,0,0.19854581869126806,0,0,0.0426248752502123,1,1,-1.0660603766041905,1,Mr,1
57,2,1,-0.6766580948887383,0,0,-0.440755422443577,1,1,-1.0660603766041905,1,Miss,1
58,3,0,-0.1081238941077439,0,0,-0.5039970335514509,2,1,-0.8555976614281275,1,Mr,0
59,2,1,-1.8895310565548598,1,2,-0.10722301703486238,1,4,0.09148455686415553,0,Miss,1
60,3,0,-1.434703695930064,5,2,0.2630462909985802,1,8,0.7228727023923442,0,Master,0
61,3,0,-0.6008535347846057,0,0,-0.5039970335514509,2,1,-0.6451349462520647,1,Mr,0
62,1,1,0.6120194268815157,0,0,0.9030418051451572,1,1,-0.8555976614281275,1,Miss,1
63,1,0,1.1426513476104438,1,0,0.9702316665245938,1,2,-0.013746800723875921,0,Mr,0
64,3,0,-1.9653356166589924,3,2,-0.10432273524869967,1,6,-0.6451349462520647,0,Master,0
65,1,0,0.19854581869126806,0,0,-0.10778760522256871,2,1,-0.6451349462520647,1,Mr,0
66,3,0,-1.8529446292442238,1,1,-0.3489943737717696,2,3,-0.3294408734879703,0,Master,1
67,2,1,-0.0702216140556776,0,0,-0.440755422443577,1,1,0.09148455686415553,1,Mrs,1
68,3,0,-0.8282672150970034,0,0,-0.48603268816795886,1,1,-0.3294408734879703,1,Mr,0
69,3,1,-0.9798763353052686,4,2,-0.4905435931060373,1,7,0.4071786296282499,0,Miss,1
70,3,0,-0.29763529436807534,2,0,-0.4762838743240705,1,3,-1.0660603766041905,0,Mr,0
71,2,0,0.15719206625672016,0,0,-0.440755422443577,1,1,-0.11897815831190738,1,Mr,0
72,3,1,-1.0556808954094012,5,2,0.2630462909985802,1,8,-0.11897815831190738,0,Miss,0
73,2,0,-0.6766580948887383,0,0,0.777362927744772,1,1,-0.7503663038400961,1,Mr,0
74,3,0,-0.29763529436807534,1,0,-0.3643001275179457,2,2,-0.013746800723875921,0,Mr,0
75,3,0,0.15719206625672016,0,0,0.4485831174229828,1,1,-1.4869858069563162,1,Mr,1
76,3,0,-0.37343985447220795,0,0,-0.495860776380669,1,1,-0.4346722310760017,1,Mr,0
77,3,0,0.19854581869126806,0,0,-0.4911081812937436,1,1,-1.0660603766041905,1,Mr,0
78,3,0,0.19854581869126806,0,0,-0.48812669161756833,1,1,-0.3294408734879703,1,Mr,0
79,2,0,-2.2056360721890926,0,2,-0.08305400215017292,1,3,0.19671591445218697,0,Master,1
80,3,1,0.00558294604845499,0,0,-0.40256837892576763,1,1,-0.3294408734879703,1,Miss,1
81,3,0,-0.6008535347846057,0,0,-0.46975824030520436,1,1,-0.7503663038400961,1,Mr,0
82,3,0,-0.0702216140556776,0,0,-0.4600906343513286,1,1,-0.013746800723875921,1,Mr,1
83,3,1,-0.613396709893425,0,0,-0.4932021847433531,0,1,0.30194727204021843,1,Miss,1
84,1,0,-0.14602617415981017,0,0,0.26691333338013057,1,1,-0.4346722310760017,1,Mr,0
85,2,1,-0.9798763353052686,0,0,-0.440755422443577,1,1,-0.8555976614281275,1,Miss,1
86,3,1,0.23299662636085275,3,0,-0.3373120387371061,1,4,2.9327312117410047,0,Mrs,1
87,3,0,-1.0556808954094012,1,3,0.020872761853991784,1,5,-0.5399035886640332,0,Mr,0
88,3,0,0.19854581869126806,0,0,-0.48812669161756833,1,1,0.19671591445218697,1,Mr,0
89,1,1,-0.5250489746804731,3,2,4.441385584263695,1,6,-0.11897815831190738,0,Miss,1
90,3,0,-0.4492444145763405,0,0,-0.48812669161756833,1,1,-0.5399035886640332,1,Mr,0
91,3,0,-0.0702216140556776,0,0,-0.48812669161756833,1,1,-0.7503663038400961,1,Mr,0
92,3,0,-0.7524626549928709,0,0,-0.49191252610910613,1,1,-0.11897815831190738,1,Mr,0
93,1,0,1.2184559077145765,1,0,0.5390564409817339,1,2,-0.013746800723875921,0,Mr,0
94,3,0,-0.29763529436807534,1,2,-0.2459531624729799,1,4,-0.4346722310760017,0,Mr,0
95,3,0,2.2039151890683,0,0,-0.5035948611437696,1,1,-1.0660603766041905,1,Mr,0
96,3,0,0.19854581869126806,0,0,-0.48812669161756833,1,1,-0.013746800723875921,1,Mr,0
97,1,0,3.113569910317891,0,0,0.02627115301863608,2,1,-0.22420951589993884,1,Mr,0
98,1,0,-0.5250489746804731,0,1,0.5812710091399279,2,2,0.4071786296282499,0,Mr,1
99,2,1,0.30880118646498533,0,1,-0.19906527359668233,1,2,0.9333354175684072,0,Mrs,1
100,2,0,0.30880118646498533,1,0,-0.14105963787342762,1,2,-1.0660603766041905,0,Mr,0
101,3,1,-0.14602617415981017,0,0,-0.4911081812937436,1,1,-0.4346722310760017,1,Miss,0
102,3,0,0.19854581869126806,0,0,-0.4911081812937436,1,1,0.5124099872162814,1,Mr,0
103,1,0,-0.6766580948887383,0,1,0.850595042845381,1,2,-0.22420951589993884,0,Mr,0
104,3,0,0.23299662636085275,0,0,-0.47644435658290485,1,1,-0.11897815831190738,1,Mr,0
105,3,0,0.5362148667773831,2,0,-0.4905435931060373,1,3,0.30194727204021843,0,Mr,0
106,3,0,-0.14602617415981017,0,0,-0.4911081812937436,1,1,-0.6451349462520647,1,Mr,0
107,3,1,-0.6766580948887383,0,0,-0.495860776380669,1,1,0.5124099872162814,1,Miss,1
108,3,0,0.19854581869126806,0,0,-0.49344387489220004,1,1,-0.5399035886640332,1,Mr,1
109,3,0,0.6120194268815157,0,0,-0.4911081812937436,1,1,-1.2765230917802535,1,Mr,0
110,3,1,-0.613396709893425,1,0,-0.17682977990276808,0,2,-0.8555976614281275,0,Miss,1
111,1,0,1.294260467818709,0,0,0.36165587172811325,1,1,0.30194727204021843,1,Mr,0
112,3,1,-1.1693877355656002,1,0,-0.3643001275179457,2,2,-0.7503663038400961,0,Miss,0
113,3,0,-0.6008535347846057,0,0,-0.48812669161756833,1,1,-0.5399035886640332,1,Mr,0
114,3,1,-0.7524626549928709,1,0,-0.45380669048130934,1,2,-0.4346722310760017,0,Miss,0
115,3,1,-0.9798763353052686,0,0,-0.3642208531491239,2,1,-0.6451349462520647,1,Miss,0
116,3,0,-0.6766580948887383,0,0,-0.4905435931060373,1,1,-0.6451349462520647,1,Mr,0
117,3,0,3.0756676302658246,0,0,-0.49392725518989383,0,1,-0.7503663038400961,1,Mr,0
118,2,0,-0.0702216140556776,1,0,-0.23773569741218548,1,2,0.4071786296282499,0,Mr,0
119,1,0,-0.4492444145763405,0,1,4.142091972101227,2,2,-0.3294408734879703,0,Mr,0
120,3,1,-2.1169447368672576,4,2,-0.03906639506003812,1,7,0.6176413448043128,0,Miss,0
121,2,0,-0.6766580948887383,2,0,0.777362927744772,1,3,-0.013746800723875921,0,Mr,0
122,3,0,0.19854581869126806,0,0,-0.48812669161756833,1,1,-0.11897815831190738,1,Mr,0
123,2,0,0.19509434630878647,1,0,-0.06234985723935256,2,2,-0.7503663038400961,0,Mr,0
124,2,1,0.19509434630878647,0,0,-0.39241739267419806,1,1,-0.8555976614281275,1,Miss,1
125,1,0,1.8248923885476371,0,1,0.850595042845381,1,2,-0.013746800723875921,0,Mr,0
126,3,0,-1.3588991358259315,1,0,-0.4264144957715976,2,2,0.09148455686415553,0,Master,1
127,3,0,0.19854581869126806,0,0,-0.49392725518989383,0,1,-0.8555976614281275,1,Mr,0
128,3,0,-0.4492444145763405,0,0,-0.5056888645933791,1,1,-0.22420951589993884,1,Mr,1
129,3,1,-0.613396709893425,1,1,-0.21147267907788653,2,3,-1.0660603766041905,0,Miss,1
130,3,0,1.1426513476104438,0,0,-0.5089120444184012,1,1,-0.960829019016159,1,Mr,0
131,3,0,0.23299662636085275,0,0,-0.4911081812937436,2,1,-0.7503663038400961,1,Mr,0
132,3,0,-0.7524626549928709,0,0,-0.50746190352532,1,1,0.30194727204021843,1,Mr,0
133,3,1,1.294260467818709,1,0,-0.3634145748125707,1,2,1.9856489934487218,0,Mrs,0
134,2,1,-0.0702216140556776,1,0,-0.14105963787342762,1,2,1.8804176358606903,0,Mrs,1
135,2,0,-0.37343985447220795,0,0,-0.39241739267419806,1,1,0.30194727204021843,1,Mr,0
136,2,0,-0.5250489746804731,0,0,-0.3528614161533199,2,1,-0.960829019016159,1,Mr,0
137,1,1,-0.8282672150970034,0,2,-0.1355819723399616,1,3,0.09148455686415553,0,Miss,1
138,1,0,0.5362148667773831,1,0,0.38292460482664,1,2,-0.013746800723875921,0,Mr,0
139,3,0,-1.0556808954094012,0,0,-0.4655682998847946,1,1,-0.8555976614281275,1,Mr,0
140,1,0,-0.4492444145763405,0,0,0.8875736356189561,2,1,-0.960829019016159,1,Mr,0
141,3,1,0.5388592118972947,0,2,-0.3489943737717696,2,3,0.19671591445218697,0,Mrs,0
142,3,1,-0.6008535347846057,0,0,-0.49392725518989383,1,1,-0.3294408734879703,1,Miss,1
143,3,1,-0.4492444145763405,1,0,-0.3373120387371061,1,2,2.6170371389769103,0,Mrs,1
144,3,0,-0.8282672150970034,0,0,-0.5132624670976453,0,1,-0.8555976614281275,1,Mr,0
145,2,0,-0.904071775201136,0,0,-0.4214202105358254,1,1,-0.11897815831190738,1,Mr,0
146,2,0,-0.8282672150970034,1,1,0.06679389013490176,1,3,0.09148455686415553,0,Mr,0
147,3,0,-0.22183073426394276,0,0,-0.4930417024845188,1,1,1.7751862782726588,1,Mr,1
148,3,1,-1.5863128161383293,2,2,0.020872761853991784,1,5,0.5124099872162814,0,Miss,0
149,2,0,0.4983125867253168,0,2,-0.14105963787342762,1,3,1.354260847920533,0,Mr,0
150,2,0,0.915237667298046,0,0,-0.39241739267419806,1,1,0.6176413448043128,1,Other,0
151,2,0,1.5974787082352393,0,0,-0.4016016183303801,1,1,-0.11897815831190738,1,Other,0
152,1,1,-0.6008535347846057,1,0,0.643949965581286,1,2,0.6176413448043128,0,Mrs,1
153,3,0,1.938599228703836,0,0,-0.48812669161756833,1,1,-1.171291734192222,1,Mr,0
154,3,0,0.8015308271418472,0,2,-0.3634145748125707,1,3,0.4071786296282499,0,Mr,0
155,3,0,0.19854581869126806,0,0,-0.5023864103995351,1,1,-0.6451349462520647,1,Mr,0
156,1,0,1.5974787082352393,0,1,0.5430046912532968,2,2,-0.013746800723875921,0,Mr,0
157,3,1,-1.0556808954094012,0,0,-0.49425015322875326,0,1,0.5124099872162814,1,Miss,1
158,3,0,0.00558294604845499,0,0,-0.48812669161756833,1,1,-1.2765230917802535,1,Mr,0
159,3,0,0.19854581869126806,0,0,-0.4762838743240705,1,1,-0.8555976614281275,1,Mr,0
160,3,0,-1.8529446292442238,8,2,0.7009888407091532,1,11,-0.11897815831190738,0,Master,0
161,3,0,1.0668467875063112,0,1,-0.33247823576016816,1,2,-0.3294408734879703,0,Mr,0
162,2,1,0.7636285470897809,0,0,-0.33924555992788125,1,1,2.4065744238008477,1,Mrs,1
163,3,0,-0.29763529436807534,0,0,-0.49344387489220004,1,1,-0.11897815831190738,1,Mr,0
164,3,0,-0.9798763353052686,0,0,-0.4762838743240705,1,1,-1.2765230917802535,1,Mr,0
165,3,0,-2.19274929697139,4,1,0.123591075113922,1,6,0.09148455686415553,0,Master,0
166,3,0,-1.5863128161383293,0,2,-0.24691992306836752,1,3,2.0908803510367533,0,Master,1
167,1,1,0.5388592118972947,0,1,0.41966150745136793,1,2,1.1437981327444702,0,Mrs,1
168,3,1,1.1426513476104438,1,4,-0.10432273524869967,1,6,2.0908803510367533,0,Mrs,0
169,1,0,0.19854581869126806,0,0,-0.14250977876650897,1,1,-0.8555976614281275,1,Mr,0
170,3,0,-0.14602617415981017,0,0,0.4485831174229828,1,1,-1.4869858069563162,1,Mr,0
171,1,0,2.355524309276565,0,0,0.00395445143470916,1,1,-0.22420951589993884,1,Mr,0
172,3,0,-1.9653356166589924,4,1,-0.08063710066170397,0,6,-0.7503663038400961,0,Master,0
173,3,1,-2.19274929697139,1,1,-0.428510432742398,1,3,0.09148455686415553,0,Miss,1
174,3,0,-0.6766580948887383,0,0,-0.4905435931060373,1,1,-0.22420951589993884,1,Mr,0
175,1,0,1.9765015087559021,0,0,-0.05026534979700783,2,1,-0.4346722310760017,1,Mr,0
176,3,0,-0.904071775201136,1,1,-0.49191252610910613,1,3,-0.5399035886640332,0,Mr,0
177,3,0,-1.8529446292442238,3,1,-0.15137110638383156,1,5,0.19671591445218697,0,Master,0
178,1,1,1.5216741481311067,0,0,-0.08861287557365152,2,1,-0.11897815831190738,1,Miss,0
179,2,0,0.00558294604845499,0,0,-0.39241739267419806,1,1,-0.960829019016159,1,Mr,0
180,3,0,0.4604103066732505,0,0,-0.6437751474749684,1,1,-0.8555976614281275,1,Mr,0
181,3,1,-0.613396709893425,8,2,0.7009888407091532,1,11,0.09148455686415553,0,Miss,0
182,2,0,0.19854581869126806,0,0,-0.3527802082633073,2,1,-1.171291734192222,1,Mr,0
183,3,0,-1.5863128161383293,4,2,-0.03689118372041605,1,7,1.0385667751564387,0,Master,0
184,2,0,-2.19274929697139,2,1,0.1102981169273428,1,4,-0.22420951589993884,0,Master,1
185,3,1,-1.9653356166589924,0,2,-0.21791710520674015,1,3,0.8281040599803757,0,Miss,1
186,1,0,0.19854581869126806,0,0,0.3229854479126101,1,1,-0.6451349462520647,1,Mr,0
187,3,1,0.5388592118972947,1,0,-0.3440793629048191,0,2,2.0908803510367533,0,Mrs,1
188,1,0,1.1426513476104438,0,0,-0.13042527132416426,1,1,1.8804176358606903,1,Mr,1
189,3,0,0.7636285470897809,1,1,-0.3440793629048191,0,3,-1.171291734192222,0,Mr,0
190,3,0,0.4604103066732505,0,0,-0.4911081812937436,1,1,-0.8555976614281275,1,Mr,0
191,2,1,0.15719206625672016,0,0,-0.39241739267419806,1,1,-0.8555976614281275,1,Mrs,1
192,2,0,-0.8282672150970034,0,0,-0.39241739267419806,1,1,-0.6451349462520647,1,Mr,0
193,3,1,-0.8282672150970034,1,0,-0.49191252610910613,1,2,2.0908803510367533,0,Miss,1
194,2,0,-2.041140176763125,1,1,-0.14105963787342762,1,3,-0.11897815831190738,0,Master,1
195,1,1,1.0668467875063112,0,0,-0.10778760522256871,2,1,1.4594922055085644,1,Mrs,1
196,1,1,2.1281106289641674,0,0,2.1892355694183183,2,1,-0.7503663038400961,1,Miss,1
197,3,0,0.19854581869126806,0,0,-0.49392725518989383,0,1,-0.8555976614281275,1,Mr,0
198,3,0,0.915237667298046,0,1,-0.48127815955984277,1,2,0.5124099872162814,0,Mr,0
199,3,1,-0.613396709893425,0,0,-0.49392725518989383,0,1,0.5124099872162814,1,Miss,1
200,2,1,-0.4492444145763405,0,0,-0.39241739267419806,1,1,1.1437981327444702,1,Miss,0
201,3,0,-0.14602617415981017,0,0,-0.4600906343513286,1,1,0.30194727204021843,1,Mr,0
202,3,0,0.19854581869126806,8,2,0.7009888407091532,1,11,-0.8555976614281275,0,Mr,0
203,3,0,0.30880118646498533,0,0,-0.5181774779645959,1,1,-0.11897815831190738,1,Mr,0
204,3,0,1.1805536276625102,0,0,-0.5040782414414634,2,1,-0.7503663038400961,1,Mr,0
205,3,0,-0.904071775201136,0,0,-0.48812669161756833,1,1,-0.3294408734879703,1,Mr,1
206,3,1,-2.1169447368672576,0,1,-0.4414804928901177,1,2,-0.11897815831190738,0,Miss,0
207,3,0,0.15719206625672016,1,0,-0.3373120387371061,1,2,-0.11897815831190738,0,Mr,0
208,3,0,-0.29763529436807534,0,0,-0.2805148537580858,2,1,-0.013746800723875921,1,Mr,1
209,3,1,-1.0556808954094012,0,0,-0.49392725518989383,0,1,-0.22420951589993884,1,Miss,1
210,1,0,0.7636285470897809,0,0,-0.04438357833466977,2,1,-1.171291734192222,1,Mr,1
211,3,0,-0.4492444145763405,0,0,-0.50746190352532,1,1,-1.3817544493682847,1,Mr,0
212,2,1,0.38460574656911795,0,0,-0.23773569741218548,1,1,-0.11897815831190738,1,Miss,1
213,3,0,-0.6008535347846057,0,0,-0.5035948611437696,1,1,-0.5399035886640332,1,Mr,0
214,2,0,0.00558294604845499,0,0,-0.39241739267419806,1,1,-0.013746800723875921,1,Mr,0
215,3,0,0.19854581869126806,1,0,-0.49392725518989383,0,2,-0.8555976614281275,0,Mr,0
216,1,1,0.08138750615258758,1,0,1.546420981375591,2,2,-0.4346722310760017,0,Miss,1
217,3,1,-0.22183073426394276,0,0,-0.4905435931060373,1,1,-0.5399035886640332,1,Miss,1
218,2,0,0.915237667298046,1,0,-0.12172442596567605,1,2,0.09148455686415553,0,Mr,0
219,1,1,0.15719206625672016,0,0,0.8313410388276422,2,1,-0.6451349462520647,1,Miss,1
220,2,0,0.00558294604845499,0,0,-0.440755422443577,1,1,-0.960829019016159,1,Mr,0
221,3,0,-1.0556808954094012,0,0,-0.48812669161756833,1,1,0.30194727204021843,1,Mr,1
222,2,0,-0.22183073426394276,0,0,-0.39241739267419806,1,1,-0.7503663038400961,1,Mr,0
223,3,0,1.5974787082352393,0,0,-0.48812669161756833,1,1,-0.4346722310760017,1,Mr,0
224,3,0,0.19854581869126806,0,0,-0.4911081812937436,1,1,-0.7503663038400961,1,Mr,0
225,1,0,0.6120194268815157,1,0,1.096393924222673,1,2,0.09148455686415553,0,Mr,1
226,3,0,-0.6008535347846057,0,0,-0.46299091613749127,1,1,0.09148455686415553,1,Mr,0
227,2,0,-0.8282672150970034,0,0,-0.440755422443577,1,1,-0.22420951589993884,1,Mr,1
228,3,0,-0.7145603749408046,0,0,-0.5035948611437696,1,1,0.4071786296282499,1,Mr,0
229,2,0,-0.904071775201136,0,0,-0.39241739267419806,1,1,-0.22420951589993884,1,Mr,0
230,3,1,-0.613396709893425,3,1,-0.15137110638383156,1,5,-0.4346722310760017,0,Miss,0
231,1,1,0.38460574656911795,1,0,0.9702316665245938,1,2,1.7751862782726588,0,Mrs,1
232,3,0,-0.0702216140556776,0,0,-0.49344387489220004,1,1,-0.3294408734879703,1,Mr,0
233,2,0,2.2039151890683,0,0,-0.3827497867203223,1,1,-0.22420951589993884,1,Mr,0
234,3,1,-1.8895310565548598,4,2,-0.03689118372041605,1,7,0.30194727204021843,0,Miss,1
235,2,0,-0.4492444145763405,0,0,-0.440755422443577,1,1,0.6176413448043128,1,Mr,0
236,3,1,-0.613396709893425,0,0,-0.4977942975714441,1,1,0.09148455686415553,1,Miss,0
237,2,0,1.0668467875063112,1,0,-0.14105963787342762,1,2,-1.0660603766041905,0,Mr,0
238,2,1,-1.662117376242462,0,2,-0.13622583489648973,1,3,0.5124099872162814,0,Miss,1
239,2,0,-0.8282672150970034,0,0,-0.440755422443577,1,1,0.4071786296282499,1,Mr,0
240,2,0,0.23299662636085275,0,0,-0.40643542130731797,1,1,-0.5399035886640332,1,Mr,0
241,3,1,-0.613396709893425,1,0,-0.3643001275179457,2,2,-0.6451349462520647,0,Miss,0
242,3,1,-0.613396709893425,1,0,-0.3440793629048191,0,2,0.30194727204021843,0,Miss,1
243,2,0,-0.0702216140556776,0,0,-0.440755422443577,1,1,0.4071786296282499,1,Mr,0
244,3,0,-0.6008535347846057,0,0,-0.5060117626322386,1,1,0.19671591445218697,1,Mr,0
245,3,0,0.00558294604845499,0,0,-0.5040782414414634,2,1,-0.7503663038400961,1,Mr,0
246,1,0,1.0668467875063112,2,0,1.096393924222673,0,3,-0.013746800723875921,0,Mr,0
247,3,1,-0.37343985447220795,0,0,-0.49344387489220004,1,1,1.0385667751564387,1,Miss,0
248,2,1,-0.4492444145763405,0,2,-0.3634145748125707,1,3,0.4071786296282499,0,Mrs,1
249,1,0,0.5362148667773831,1,1,0.3723714461673892,1,3,0.19671591445218697,0,Mr,1
250,2,0,1.8248923885476371,1,0,-0.14105963787342762,1,2,0.19671591445218697,0,Other,0
251,3,0,0.19854581869126806,0,0,-0.5035948611437696,1,1,-0.5399035886640332,1,Mr,0
252,3,1,-0.0702216140556776,1,1,-0.4414804928901177,1,3,1.5647235630965959,0,Mrs,0
253,1,0,2.4313288693806974,0,0,-0.13042527132416426,1,1,-0.22420951589993884,1,Mr,0
254,3,0,0.00558294604845499,1,0,-0.33247823576016816,1,2,-0.3294408734879703,0,Mr,0
255,3,1,0.8394331071939134,0,2,-0.25296217678953986,1,3,1.354260847920533,0,Mrs,0
256,3,1,-0.0702216140556776,0,2,-0.3489943737717696,2,3,1.2490294903325014,0,Mrs,1
257,1,1,0.5388592118972947,0,0,0.8875736356189561,2,1,0.30194727204021843,1,Mrs,1
258,1,1,0.00558294604845499,0,0,1.0287206825455424,1,1,-0.7503663038400961,1,Miss,1
259,1,1,0.38460574656911795,0,0,9.262218501053868,2,1,-1.171291734192222,1,Miss,1
260,2,1,1.5216741481311067,0,1,-0.14105963787342762,1,2,-0.013746800723875921,0,Mrs,1
261,3,0,0.19854581869126806,0,0,-0.49392725518989383,0,1,-1.0660603766041905,1,Mr,0
262,3,0,-2.041140176763125,4,2,-0.03689118372041605,1,7,0.6176413448043128,0,Master,1
263,1,0,1.673283268339372,1,1,0.8962744809774443,1,3,-1.0660603766041905,0,Mr,0
264,1,0,0.7636285470897809,0,0,-0.6437751474749684,1,1,-0.6451349462520647,1,Mr,0
265,3,1,-0.613396709893425,0,0,-0.49392725518989383,0,1,-0.960829019016159,1,Miss,0
266,2,0,0.4604103066732505,0,0,-0.440755422443577,1,1,-1.0660603766041905,1,Mr,0
267,3,0,-1.0556808954094012,4,1,0.123591075113922,1,6,-0.22420951589993884,0,Mr,0
268,3,0,-0.37343985447220795,1,0,-0.49344387489220004,1,2,-0.3294408734879703,0,Mr,1
269,1,1,2.1281106289641674,0,1,2.323454809918357,1,2,1.8804176358606903,0,Mrs,1
270,1,1,0.38460574656911795,0,0,1.9787234497726727,1,1,-0.5399035886640332,1,Miss,1
271,1,0,0.19854581869126806,0,0,-0.04438357833466977,1,1,-0.6451349462520647,1,Mr,0
272,3,0,-0.37343985447220795,0,0,-0.6437751474749684,1,1,0.09148455686415553,1,Mr,1
273,2,1,0.8394331071939134,0,1,-0.26673851527381287,1,2,1.4594922055085644,0,Mrs,1
274,1,0,0.5362148667773831,0,1,-0.06951935381474683,2,2,-0.6451349462520647,0,Mr,0
275,3,1,-0.613396709893425,0,0,-0.49392725518989383,0,1,-0.11897815831190738,1,Miss,1
276,1,1,2.50713342948483,1,0,0.8635651029931007,1,2,0.6176413448043128,0,Miss,1
277,3,1,1.1426513476104438,0,0,-0.49392725518989383,1,1,0.6176413448043128,1,Miss,0
278,2,0,0.19854581869126806,0,0,-0.6437751474749684,1,1,-0.013746800723875921,1,Mr,0
279,3,0,-1.7379219363465945,4,1,-0.08063710066170397,0,6,-0.960829019016159,0,Master,0
280,3,1,0.38460574656911795,1,1,-0.2522371063429992,1,3,0.5124099872162814,0,Mrs,1
281,3,0,2.658742549693095,0,0,-0.49392725518989383,0,1,-1.171291734192222,1,Mr,0
282,3,0,-0.14602617415981017,0,0,-0.49191252610910613,1,1,0.5124099872162814,1,Mr,0
283,3,0,-1.0556808954094012,0,0,-0.4600906343513286,1,1,-0.22420951589993884,1,Mr,0
284,3,0,-0.8282672150970034,0,0,-0.48812669161756833,1,1,-0.11897815831190738,1,Mr,1
285,1,0,0.19854581869126806,0,0,-0.14105963787342762,1,1,-0.11897815831190738,1,Mr,0
286,3,0,0.23299662636085275,0,0,-0.4762838743240705,2,1,-0.8555976614281275,1,Mr,0
287,3,0,0.00558294604845499,0,0,-0.4600906343513286,1,1,-0.4346722310760017,1,Mr,1
288,3,0,-0.6008535347846057,0,0,-0.4911081812937436,1,1,-0.7503663038400961,1,Mr,0
289,2,0,0.915237667298046,0,0,-0.39241739267419806,1,1,-0.7503663038400961,1,Mr,1
290,3,1,-0.6008535347846057,0,0,-0.49392725518989383,0,1,-0.7503663038400961,1,Miss,1
291,1,1,-0.29763529436807534,0,0,0.8808063114512428,1,1,0.09148455686415553,1,Miss,1
292,1,1,-0.8282672150970034,1,0,1.1172604849135184,2,2,1.2490294903325014,0,Mrs,1
293,2,0,0.4604103066732505,0,0,-0.394834294162667,2,1,-0.5399035886640332,1,Mr,0
294,3,1,-0.4492444145763405,0,0,-0.47265852209136705,1,1,-0.8555976614281275,1,Miss,0
295,3,0,-0.4492444145763405,0,0,-0.4911081812937436,1,1,-1.171291734192222,1,Mr,0
296,1,0,0.19854581869126806,0,0,-0.10778760522256871,2,1,-1.0660603766041905,1,Mr,0
297,3,0,-0.4871466946284068,0,0,-0.5039970335514509,2,1,-0.960829019016159,1,Mr,0
298,1,1,-2.1169447368672576,1,2,2.2864762171447826,1,4,0.09148455686415553,0,Miss,0
299,1,0,0.19854581869126806,0,0,-0.05405118428854556,1,1,-0.6451349462520647,1,Mr,1
300,1,1,1.5216741481311067,0,1,4.142091972101227,2,2,2.0908803510367533,0,Mrs,1
301,3,1,-0.613396709893425,0,0,-0.49392725518989383,0,1,1.354260847920533,1,Miss,1
302,3,0,0.19854581869126806,2,0,-0.19423147061974444,0,3,-0.960829019016159,0,Mr,1
303,3,0,-0.8282672150970034,0,0,-0.6437751474749684,1,1,0.4071786296282499,1,Mr,0
304,2,1,-0.613396709893425,0,0,-0.40498528041423654,0,1,-0.8555976614281275,1,Miss,1
305,3,0,0.19854581869126806,0,0,-0.48812669161756833,1,1,0.6176413448043128,1,Mr,0
306,1,0,-2.1988136617797207,1,2,2.2864762171447826,1,4,0.30194727204021843,0,Master,1
307,1,1,-0.613396709893425,0,0,1.5001769550558215,2,1,-0.4346722310760017,1,Miss,1
308,1,1,-0.9798763353052686,1,0,1.4618294292791778,2,2,5.773977866617853,0,Mrs,1
309,2,0,0.00558294604845499,1,0,-0.17973006168893077,2,2,-0.8555976614281275,0,Mr,0
310,1,1,0.00558294604845499,0,0,0.4569629982638023,2,1,0.30194727204021843,1,Miss,1
311,1,1,-0.4492444145763405,0,0,0.964108204913409,2,1,0.30194727204021843,1,Miss,1
312,1,1,-0.904071775201136,2,2,4.42930107682135,2,5,-0.11897815831190738,0,Miss,1
313,2,1,-0.29763529436807534,1,1,-0.14105963787342762,1,3,1.0385667751564387,0,Mrs,0
314,3,0,-0.14602617415981017,0,0,-0.4911081812937436,1,1,-0.5399035886640332,1,Mr,0
315,2,0,0.9910422274021786,1,1,-0.13622583489648973,1,3,-0.960829019016159,0,Mr,0
316,3,1,-0.29763529436807534,0,0,-0.49191252610910613,1,1,0.4071786296282499,1,Miss,1
317,2,1,-0.4492444145763405,1,0,-0.14105963787342762,1,2,0.8281040599803757,0,Mrs,1
318,2,0,1.8248923885476371,0,0,-0.3730821807664465,1,1,-0.7503663038400961,1,Mr,0
319,1,1,0.08138750615258758,0,2,2.543957433556738,1,3,-0.3294408734879703,0,Miss,1
320,1,1,0.7636285470897809,1,1,1.956810854117618,2,3,3.037962569329036,0,Mrs,1
321,3,0,-0.6008535347846057,0,0,-0.5035948611437696,1,1,-0.960829019016159,1,Mr,0
322,3,0,-0.22183073426394276,0,0,-0.4911081812937436,1,1,-1.171291734192222,1,Mr,0
323,2,1,0.00558294604845499,0,0,-0.40498528041423654,0,1,-0.22420951589993884,1,Miss,1
324,2,1,-0.6008535347846057,1,1,-0.08305400215017292,1,3,2.5118057813888788,0,Mrs,1
325,3,0,0.19854581869126806,8,2,0.7009888407091532,1,11,-0.3294408734879703,0,Mr,0
326,1,1,0.4604103066732505,0,0,1.9787234497726727,2,1,-0.3294408734879703,1,Miss,1
327,3,0,2.355524309276565,0,0,-0.5231717632003681,1,1,-0.22420951589993884,1,Mr,0
328,2,1,0.4604103066732505,0,0,-0.39241739267419806,1,1,-0.4346722310760017,1,Mrs,1
329,3,1,0.08138750615258758,1,1,-0.24691992306836752,1,3,1.9856489934487218,0,Mrs,1
330,1,1,-1.0556808954094012,0,1,0.4772649707669414,2,2,0.09148455686415553,0,Miss,1
331,3,1,-0.613396709893425,2,0,-0.19423147061974444,0,3,-0.960829019016159,0,Miss,1
332,1,0,1.1805536276625102,0,0,-0.0927216081040487,1,1,-0.8555976614281275,1,Mr,0
333,1,0,0.6120194268815157,0,1,2.323454809918357,1,2,-0.22420951589993884,0,Mr,0
334,3,0,-1.0556808954094012,2,0,-0.2957413331354402,1,3,0.4071786296282499,0,Mr,0
335,1,1,0.5388592118972947,1,0,1.9403759239960292,1,2,2.4065744238008477,0,Mrs,1
336,3,0,0.19854581869126806,0,0,-0.4911081812937436,1,1,-0.960829019016159,1,Mr,0
337,1,0,-0.0702216140556776,1,0,0.643949965581286,1,2,-0.22420951589993884,0,Mr,0
338,1,1,0.8394331071939134,0,0,1.956810854117618,2,1,0.4071786296282499,1,Miss,1
339,3,0,1.1426513476104438,0,0,-0.48812669161756833,1,1,-0.6451349462520647,1,Mr,1
340,1,0,1.1426513476104438,0,0,0.0426248752502123,1,1,0.09148455686415553,1,Mr,0
341,2,0,-2.1169447368672576,1,1,-0.14105963787342762,1,3,0.30194727204021843,0,Master,1
342,1,1,-0.4492444145763405,3,2,4.441385584263695,1,6,0.30194727204021843,0,Miss,1
343,2,0,-0.14602617415981017,0,0,-0.39241739267419806,1,1,-0.11897815831190738,1,Mr,0
344,2,0,-0.37343985447220795,0,0,-0.39241739267419806,1,1,1.5647235630965959,1,Mr,0
345,2,0,0.4604103066732505,0,0,-0.39241739267419806,1,1,-0.4346722310760017,1,Mr,0
346,2,1,-0.4492444145763405,0,0,-0.39241739267419806,1,1,0.19671591445218697,1,Miss,1
347,2,1,0.7636285470897809,0,0,-0.39241739267419806,1,1,-0.22420951589993884,1,Miss,1
348,3,1,0.5388592118972947,1,0,-0.33247823576016816,1,2,1.4594922055085644,0,Mrs,1
349,3,0,-2.041140176763125,1,1,-0.33634527814171855,1,3,1.1437981327444702,0,Master,1
350,3,0,0.915237667298046,0,0,-0.4762838743240705,1,1,-1.171291734192222,1,Mr,0
351,3,0,-0.5250489746804731,0,0,-0.46540781762596023,1,1,-0.5399035886640332,1,Mr,0
352,1,0,0.19854581869126806,0,0,0.032957269296336515,1,1,1.1437981327444702,1,Mr,0
353,3,0,-1.1314854555135339,1,1,-0.5039970335514509,2,3,-0.960829019016159,0,Mr,0
354,3,0,-0.37343985447220795,1,0,-0.2996083755169905,1,2,-0.22420951589993884,0,Mr,0
355,3,0,0.19854581869126806,0,0,-0.5040782414414634,2,1,-1.0660603766041905,1,Mr,0
356,3,0,-0.14602617415981017,0,0,-0.4600906343513286,1,1,-0.013746800723875921,1,Mr,0
357,1,1,-0.6008535347846057,0,1,0.41966150745136793,1,2,-0.013746800723875921,0,Miss,1
358,2,1,0.6120194268815157,0,0,-0.39241739267419806,1,1,-0.22420951589993884,1,Miss,0
359,3,1,-0.613396709893425,0,0,-0.4914291458114123,0,1,-0.7503663038400961,1,Miss,1
360,3,1,-0.613396709893425,0,0,-0.4914291458114123,0,1,0.6176413448043128,1,Miss,1
361,3,0,0.7636285470897809,1,4,-0.10432273524869967,1,6,-0.960829019016159,0,Mr,0
362,2,0,-0.0702216140556776,1,0,-0.10778760522256871,2,2,-0.22420951589993884,0,Mr,0
363,3,1,1.1426513476104438,0,1,-0.3643001275179457,2,2,0.4071786296282499,0,Mrs,0
364,3,0,0.38460574656911795,0,0,-0.50746190352532,1,1,-1.2765230917802535,1,Mr,0
365,3,0,0.19854581869126806,1,0,-0.3440793629048191,0,2,-0.8555976614281275,0,Mr,0
366,3,0,0.00558294604845499,0,0,-0.5035948611437696,1,1,0.30194727204021843,1,Mr,0
367,1,1,2.2797197491724326,1,0,0.8111995485833373,2,2,2.1961117086247848,0,Mrs,1
368,3,1,0.5388592118972947,0,0,-0.5039970335514509,2,1,0.30194727204021843,1,Mrs,1
369,3,1,-0.613396709893425,0,0,-0.49392725518989383,0,1,-0.8555976614281275,1,Miss,1
370,1,1,-0.4492444145763405,0,0,0.6961550377322153,2,1,0.19671591445218697,1,Miss,1
371,1,0,-0.37343985447220795,1,0,0.42820187055102177,2,2,-0.013746800723875921,0,Mr,1
372,3,0,-0.904071775201136,1,0,-0.5181774779645959,1,2,-0.22420951589993884,0,Mr,0
373,3,0,-0.8282672150970034,0,0,-0.48812669161756833,1,1,-0.11897815831190738,1,Mr,0
374,1,0,-0.6008535347846057,0,0,1.9787234497726727,2,1,-0.8555976614281275,1,Mr,0
375,3,1,-2.041140176763125,3,1,-0.23628555651910413,1,5,-0.11897815831190738,0,Miss,0
376,1,1,0.5388592118972947,1,0,0.9450146831545043,2,2,1.0385667751564387,0,Mrs,1
377,3,1,-0.6008535347846057,0,0,-0.5035948611437696,1,1,0.4071786296282499,1,Miss,1
378,1,0,-0.22183073426394276,0,2,3.445622171014489,2,3,-0.22420951589993884,0,Mr,0
379,3,0,-0.7524626549928709,0,0,-0.5661926096951153,2,1,-0.8555976614281275,1,Mr,0
380,3,0,-0.8282672150970034,0,0,-0.49344387489220004,1,1,-0.013746800723875921,1,Mr,0
381,1,1,0.915237667298046,0,0,3.755468941836208,2,1,-0.6451349462520647,1,Miss,1
382,3,1,-2.19274929697139,0,2,-0.33940604218671555,2,3,-0.013746800723875921,0,Miss,1
383,3,0,0.15719206625672016,0,0,-0.4905435931060373,1,1,-0.960829019016159,1,Mr,0
384,1,1,0.38460574656911795,1,0,0.36165587172811325,1,2,2.5118057813888788,0,Mrs,1
385,3,0,0.19854581869126806,0,0,-0.4911081812937436,1,1,-0.5399035886640332,1,Mr,0
386,2,0,-0.904071775201136,0,0,0.777362927744772,1,1,-0.22420951589993884,1,Mr,0
387,3,0,-2.19274929697139,5,2,0.2630462909985802,1,8,0.4071786296282499,0,Master,0
388,2,1,0.4604103066732505,0,0,-0.39241739267419806,1,1,-1.171291734192222,1,Miss,1
389,3,0,0.19854581869126806,0,0,-0.4943294275975751,0,1,-0.7503663038400961,1,Mr,0
390,2,1,-0.9798763353052686,0,0,-0.4117526045819496,2,1,-0.6451349462520647,1,Miss,1
391,1,0,0.4604103066732505,1,2,1.67645028145522,1,4,-0.11897815831190738,0,Mr,1
392,3,0,-0.6766580948887383,0,0,-0.4930417024845188,1,1,-0.5399035886640332,1,Mr,1
393,3,0,-0.14602617415981017,2,0,-0.4905435931060373,1,3,0.09148455686415553,0,Mr,0
394,1,1,-0.5250489746804731,1,0,1.546420981375591,2,2,-0.5399035886640332,0,Miss,1
395,3,1,-0.4492444145763405,0,2,-0.32087710861551727,1,3,2.5118057813888788,0,Mrs,1
396,3,0,-0.6008535347846057,0,0,-0.4930417024845188,1,1,-0.8555976614281275,1,Mr,0
397,3,1,0.08138750615258758,0,0,-0.49191252610910613,1,1,-0.8555976614281275,1,Miss,0
398,2,0,1.2184559077145765,0,0,-0.14105963787342762,1,1,-0.4346722310760017,1,Mr,0
399,2,0,-0.5250489746804731,0,0,-0.440755422443577,1,1,-1.171291734192222,1,Mr,0
400,2,1,-0.14602617415981017,0,0,-0.39918471684191115,1,1,0.5124099872162814,1,Mrs,1
401,3,0,0.6878239869856483,0,0,-0.4905435931060373,1,1,-0.960829019016159,1,Mr,1
402,3,0,-0.29763529436807534,0,0,-0.48812669161756833,1,1,-1.2765230917802535,1,Mr,0
403,3,1,-0.6766580948887383,1,0,-0.45380669048130934,1,2,-0.3294408734879703,0,Miss,0
404,3,0,-0.14602617415981017,1,0,-0.3373120387371061,1,2,0.30194727204021843,0,Mr,0
405,3,1,-0.7524626549928709,0,0,-0.4762838743240705,1,1,-0.4346722310760017,1,Miss,0
406,2,0,0.30880118646498533,1,0,-0.23773569741218548,1,2,-0.960829019016159,0,Mr,0
407,3,0,1.5974787082352393,0,0,-0.49392725518989383,1,1,0.5124099872162814,1,Mr,0
408,2,0,-2.041140176763125,1,1,-0.2812399242046265,1,3,0.30194727204021843,0,Master,1
409,3,0,-0.6766580948887383,0,0,-0.49344387489220004,1,1,0.6176413448043128,1,Mr,0
410,3,1,-0.613396709893425,3,1,-0.15137110638383156,1,5,-0.960829019016159,0,Miss,0
411,3,0,0.19854581869126806,0,0,-0.4911081812937436,1,1,-0.960829019016159,1,Mr,0
412,3,0,0.19854581869126806,0,0,-0.5111684636480359,0,1,-1.2765230917802535,1,Mr,0
413,1,1,0.23299662636085275,1,0,1.096393924222673,0,2,-0.5399035886640332,0,Miss,1
414,2,0,0.19854581869126806,0,0,-0.6437751474749684,1,1,0.30194727204021843,1,Mr,0
415,3,0,1.0668467875063112,0,0,-0.4905435931060373,1,1,-0.22420951589993884,1,Mr,1
416,3,1,0.5388592118972947,0,0,-0.48812669161756833,1,1,1.2490294903325014,1,Mrs,0
417,2,1,0.30880118646498533,1,1,-0.015380760473042411,1,3,2.0908803510367533,0,Mrs,1
418,2,1,-0.904071775201136,0,2,-0.39241739267419806,1,3,0.19671591445218697,0,Miss,1
419,2,0,0.00558294604845499,0,0,-0.39241739267419806,1,1,-0.11897815831190738,1,Mr,0
420,3,1,-1.5105082560341967,0,2,-0.17682977990276808,1,3,-0.22420951589993884,0,Miss,0
421,3,0,0.19854581869126806,0,0,-0.4911081812937436,2,1,-0.5399035886640332,1,Mr,0
422,3,0,-0.6766580948887383,0,0,-0.49425015322875326,0,1,-0.8555976614281275,1,Mr,0
423,3,0,-0.0702216140556776,0,0,-0.4915103537014249,1,1,-0.960829019016159,1,Mr,0
424,3,1,-0.14602617415981017,1,1,-0.3653480960033459,1,3,2.8274998541529732,0,Mrs,0
425,3,0,-0.904071775201136,1,1,-0.25296217678953986,1,3,-0.013746800723875921,0,Mr,0
426,3,0,0.19854581869126806,0,0,-0.5035948611437696,1,1,-0.5399035886640332,1,Mr,0
427,2,1,-0.14602617415981017,1,0,-0.14105963787342762,1,2,1.6699549206846274,0,Mrs,1
428,2,1,-0.8282672150970034,0,0,-0.14105963787342762,1,1,4.195507502797382,1,Miss,1
429,3,0,0.19854581869126806,0,0,-0.49392725518989383,0,1,-1.171291734192222,1,Mr,0
430,3,0,0.15719206625672016,0,0,-0.48812669161756833,1,1,0.7228727023923442,1,Mr,1
431,1,0,-0.14602617415981017,0,0,-0.13042527132416426,1,1,1.4594922055085644,1,Mr,1
432,3,1,0.5388592118972947,1,0,-0.33247823576016816,1,2,2.3013430662128163,0,Mrs,1
433,2,1,0.915237667298046,1,0,-0.14105963787342762,1,2,2.5118057813888788,0,Mrs,1
434,3,0,-0.9798763353052686,0,0,-0.5060117626322386,1,1,-0.11897815831190738,1,Mr,0
435,1,0,1.5216741481311067,1,0,0.4370631981683443,1,2,-0.22420951589993884,0,Mr,0
436,1,1,-1.2072900156176665,1,2,1.67645028145522,1,4,-0.22420951589993884,0,Miss,1
437,3,1,-0.6766580948887383,2,2,0.020872761853991784,1,5,0.9333354175684072,0,Miss,0
438,2,1,-0.4492444145763405,2,3,-0.2812399242046265,1,6,1.0385667751564387,0,Mrs,1
439,1,0,2.5829379895889626,1,4,4.441385584263695,1,6,-1.0660603766041905,0,Mr,0
440,2,0,0.08138750615258758,0,0,-0.440755422443577,1,1,1.1437981327444702,1,Mr,0
441,2,1,1.1426513476104438,1,1,-0.13622583489648973,1,3,1.6699549206846274,0,Mrs,1
442,3,0,-0.7524626549928709,0,0,-0.4600906343513286,1,1,-1.2765230917802535,1,Mr,0
443,3,0,-0.37343985447220795,1,0,-0.49344387489220004,1,2,-0.22420951589993884,0,Mr,0
444,2,1,-0.14602617415981017,0,0,-0.39241739267419806,1,1,-0.22420951589993884,1,Miss,1
445,3,0,0.19854581869126806,0,0,-0.48691824087333385,1,1,0.6176413448043128,1,Mr,1
446,1,0,-1.9653356166589924,0,2,0.938972429433332,1,3,-0.22420951589993884,0,Master,1
447,2,1,-1.283094575721799,0,1,-0.26673851527381287,1,2,0.6176413448043128,0,Miss,1
448,1,0,0.30880118646498533,0,0,-0.13042527132416426,1,1,-0.013746800723875921,1,Mr,1
449,3,1,-1.8895310565548598,2,1,-0.27141183599191643,2,4,0.30194727204021843,0,Miss,1
450,1,0,1.673283268339372,0,0,-0.05405118428854556,1,1,0.30194727204021843,1,Mr,1
451,2,0,0.4604103066732505,1,2,-0.10722301703486238,1,4,-0.6451349462520647,0,Mr,0
452,3,0,0.19854581869126806,1,0,-0.2577147718764652,1,2,0.4071786296282499,0,Mr,0
453,1,0,0.00558294604845499,0,0,-0.10722301703486238,2,1,0.4071786296282499,1,Mr,0
454,1,0,1.445869588026974,1,0,1.0790734413957093,2,2,-0.3294408734879703,0,Mr,1
455,3,0,0.19854581869126806,0,0,-0.48812669161756833,1,1,-0.8555976614281275,1,Mr,0
456,3,0,-0.0702216140556776,0,0,-0.4911081812937436,2,1,-0.960829019016159,1,Mr,1
457,1,0,2.658742549693095,0,0,-0.13042527132416426,1,1,-0.22420951589993884,1,Mr,0
458,1,1,0.5388592118972947,1,0,0.35899728009079734,1,2,0.6176413448043128,0,Mrs,1
459,2,1,1.5216741481311067,0,0,-0.440755422443577,1,1,-0.8555976614281275,1,Miss,1
460,3,0,0.19854581869126806,0,0,-0.49392725518989383,0,1,-0.6451349462520647,1,Mr,0
461,1,0,1.3700650279228415,0,0,-0.13042527132416426,1,1,-0.8555976614281275,1,Mr,1
462,3,0,0.30880118646498533,0,0,-0.48812669161756833,1,1,-0.8555976614281275,1,Mr,0
463,1,0,1.294260467818709,0,0,0.10063051097346702,1,1,-1.0660603766041905,1,Mr,0
464,2,0,1.3700650279228415,0,0,-0.39241739267419806,1,1,0.09148455686415553,1,Mr,0
465,3,0,0.19854581869126806,0,0,-0.48812669161756833,1,1,-0.960829019016159,1,Mr,0
466,3,0,0.6120194268815157,0,0,-0.50746190352532,1,1,0.4071786296282499,1,Mr,0
467,2,0,0.19854581869126806,0,0,-0.6437751474749684,1,1,-0.6451349462520647,1,Mr,0
468,1,0,1.9765015087559021,0,0,-0.13042527132416426,1,1,-0.11897815831190738,1,Mr,0
469,3,0,0.19854581869126806,0,0,-0.49441063548758757,0,1,-0.960829019016159,1,Mr,0
470,3,1,-2.211700436997423,2,1,-0.27141183599191643,2,4,0.19671591445218697,0,Miss,1
471,3,0,0.19854581869126806,0,0,-0.5035948611437696,1,1,-1.0660603766041905,1,Mr,0
472,3,0,0.6120194268815157,0,0,-0.4762838743240705,1,1,-1.2765230917802535,1,Mr,0
473,2,1,0.23299662636085275,1,2,-0.10722301703486238,1,4,1.2490294903325014,0,Mrs,1
474,2,1,-0.5250489746804731,0,0,-0.37710970540683114,2,1,1.7751862782726588,1,Mrs,1
475,3,1,-0.6008535347846057,0,0,-0.45356500033246244,1,1,-0.013746800723875921,1,Miss,0
476,1,0,0.19854581869126806,0,0,0.36165587172811325,1,1,-0.013746800723875921,1,Mr,0
477,2,0,0.30880118646498533,1,0,-0.23773569741218548,1,2,-0.4346722310760017,0,Mr,0
478,3,0,-0.0702216140556776,1,0,-0.5075431114153325,1,2,-0.22420951589993884,0,Mr,0
479,3,0,-0.6008535347846057,0,0,-0.49835888575915044,1,1,-0.22420951589993884,1,Mr,0
480,3,1,-2.1169447368672576,0,1,-0.406193731158471,1,2,-0.3294408734879703,0,Miss,1
481,3,0,-1.5863128161383293,5,2,0.2630462909985802,1,8,0.30194727204021843,0,Master,0
482,2,0,0.19854581869126806,0,0,-0.6437751474749684,1,1,0.5124099872162814,1,Mr,0
483,3,0,1.5216741481311067,0,0,-0.48812669161756833,1,1,-0.3294408734879703,1,Mr,0
484,3,1,2.50713342948483,0,0,-0.4583988033094003,1,1,-0.5399035886640332,1,Mrs,1
485,1,0,-0.37343985447220795,1,0,1.1172604849135184,2,2,-0.4346722310760017,0,Mr,1
486,3,1,-0.613396709893425,3,1,-0.15137110638383156,1,5,-0.5399035886640332,0,Miss,0
487,1,1,0.38460574656911795,1,0,1.096393924222673,1,2,2.0908803510367533,0,Mrs,1
488,1,0,2.1281106289641674,0,0,-0.06951935381474683,2,1,-0.4346722310760017,1,Mr,0
489,3,0,0.00558294604845499,0,0,-0.48812669161756833,1,1,0.19671591445218697,1,Mr,0
490,3,0,-1.5863128161383293,1,1,-0.33634527814171855,1,3,1.0385667751564387,0,Master,1
491,3,0,0.19854581869126806,1,0,-0.2577147718764652,1,2,0.9333354175684072,0,Mr,0
492,3,0,-0.6766580948887383,0,0,-0.5035948611437696,1,1,-0.8555976614281275,1,Mr,0
493,1,0,1.9006969486517697,0,0,-0.05405118428854556,1,1,-0.11897815831190738,1,Mr,0
494,1,0,3.113569910317891,0,0,0.31339904984874684,2,1,-0.4346722310760017,1,Mr,0
495,3,0,-0.6766580948887383,0,0,-0.48812669161756833,1,1,-0.11897815831190738,1,Mr,0
496,3,0,0.19854581869126806,0,0,-0.3642208531491239,2,1,-0.6451349462520647,1,Mr,0
497,1,1,1.8248923885476371,1,0,0.8695280823454514,2,2,0.30194727204021843,0,Miss,1
498,3,0,0.19854581869126806,0,0,-0.3518134476679197,1,1,0.4071786296282499,1,Mr,0
499,1,1,-0.37343985447220795,1,2,2.2864762171447826,1,4,2.0908803510367533,0,Mrs,0
500,3,0,-0.4492444145763405,0,0,-0.4930417024845188,1,1,-0.960829019016159,1,Mr,0
501,3,0,-0.9798763353052686,0,0,-0.4762838743240705,1,1,-1.171291734192222,1,Mr,0
502,3,1,-0.6766580948887383,0,0,-0.49392725518989383,0,1,-0.8555976614281275,1,Miss,0
503,3,1,-0.613396709893425,0,0,-0.4962629487883502,0,1,0.30194727204021843,1,Miss,0
504,3,1,0.5362148667773831,0,0,-0.4583988033094003,1,1,0.30194727204021843,1,Miss,0
505,1,1,-1.0556808954094012,0,0,1.0287206825455424,1,1,-0.6451349462520647,1,Miss,1
506,1,0,-0.904071775201136,1,0,1.4618294292791778,2,2,1.5647235630965959,0,Mr,0
507,2,1,0.23299662636085275,0,2,-0.14105963787342762,1,3,1.8804176358606903,0,Mrs,1
508,1,0,0.19854581869126806,0,0,-0.13042527132416426,1,1,1.8804176358606903,1,Mr,1
509,3,0,-0.14602617415981017,0,0,-0.20824949925286437,1,1,-0.3294408734879703,1,Mr,0
510,3,0,-0.29763529436807534,0,0,0.4485831174229828,1,1,-1.3817544493682847,1,Mr,1
511,3,0,-0.0702216140556776,0,0,-0.49392725518989383,0,1,-0.3294408734879703,1,Mr,1
512,3,0,0.19854581869126806,0,0,-0.48812669161756833,1,1,-1.0660603766041905,1,Mr,0
513,1,0,0.4604103066732505,0,0,-0.13550076444994902,1,1,-0.22420951589993884,1,Mr,1
514,1,1,1.8248923885476371,1,0,0.5047364398454749,2,2,1.9856489934487218,0,Mrs,1
515,3,0,-0.4492444145763405,0,0,-0.4988422660568443,1,1,-1.0660603766041905,1,Mr,0
516,1,0,1.294260467818709,0,0,0.014024229796266203,1,1,0.09148455686415553,1,Mr,0
517,2,1,0.30880118646498533,0,0,-0.440755422443577,1,1,0.09148455686415553,1,Mrs,1
518,3,0,0.19854581869126806,0,0,-0.17682977990276808,0,1,-1.0660603766041905,1,Mr,0
519,2,1,0.4604103066732505,1,0,-0.14105963787342762,1,2,2.6170371389769103,0,Mrs,1
520,3,0,0.15719206625672016,0,0,-0.4911081812937436,1,1,-0.8555976614281275,1,Mr,0
521,1,1,0.00558294604845499,0,0,1.1640671658998034,1,1,-0.6451349462520647,1,Miss,1
522,3,0,-0.6008535347846057,0,0,-0.4911081812937436,1,1,-1.2765230917802535,1,Mr,0
523,3,0,0.19854581869126806,0,0,-0.5040782414414634,2,1,-0.960829019016159,1,Mr,0
524,1,1,1.0668467875063112,0,1,0.4772649707669414,2,2,2.0908803510367533,0,Mrs,1
525,3,0,0.19854581869126806,0,0,-0.5039970335514509,2,1,-1.0660603766041905,1,Mr,0
526,3,0,0.8015308271418472,0,0,-0.49392725518989383,0,1,-0.960829019016159,1,Mr,0
527,2,1,1.5216741481311067,0,0,-0.440755422443577,1,1,-0.7503663038400961,1,Miss,1
528,1,0,0.19854581869126806,0,0,3.644372681256649,1,1,-0.960829019016159,1,Mr,0
529,3,0,0.6878239869856483,0,0,-0.4905435931060373,1,1,-0.22420951589993884,1,Mr,0
530,2,0,-0.5250489746804731,2,1,-0.4214202105358254,1,4,-0.013746800723875921,0,Mr,0
531,2,1,-2.1169447368672576,1,1,-0.14105963787342762,1,3,-0.3294408734879703,0,Miss,1
532,3,0,0.19854581869126806,0,0,-0.5039970335514509,2,1,-1.0660603766041905,1,Mr,0
533,3,0,-0.9798763353052686,1,1,-0.5039970335514509,2,3,-0.7503663038400961,0,Mr,0
534,3,1,0.5388592118972947,0,2,-0.21147267907788653,2,3,1.1437981327444702,0,Mrs,1
535,3,1,0.00558294604845499,0,0,-0.4762838743240705,1,1,-0.8555976614281275,1,Miss,0
536,2,1,-1.7379219363465945,0,2,-0.13622583489648973,1,3,-0.5399035886640332,0,Miss,1
537,1,0,1.1426513476104438,0,0,-0.13042527132416426,1,1,0.6176413448043128,1,Mr,0
538,1,1,0.00558294604845499,0,0,1.4139747798074924,2,1,-0.8555976614281275,1,Miss,1
539,3,0,0.19854581869126806,0,0,-0.3634145748125707,1,1,-0.3294408734879703,1,Mr,0
540,1,1,-0.6008535347846057,0,2,0.3133178419587343,2,3,0.7228727023923442,0,Miss,1
541,1,1,0.4604103066732505,0,2,0.729024897975393,1,3,-0.4346722310760017,0,Miss,1
542,3,1,-1.5863128161383293,4,2,-0.03906639506003812,1,7,0.9333354175684072,0,Miss,0
543,3,1,-1.434703695930064,4,2,-0.03906639506003812,1,7,0.6176413448043128,0,Miss,0
544,2,0,0.15719206625672016,1,0,-0.14105963787342762,1,2,-1.0660603766041905,0,Mr,1
545,1,0,1.5216741481311067,1,0,1.4139747798074924,2,2,-0.11897815831190738,0,Mr,0
546,1,0,2.5829379895889626,0,0,-0.14105963787342762,1,1,0.09148455686415553,1,Mr,0
547,2,1,-0.8282672150970034,1,0,-0.14105963787342762,1,2,0.6176413448043128,0,Mrs,1
548,2,0,0.19854581869126806,0,0,-0.3757407724037623,2,1,-0.11897815831190738,1,Mr,1
549,3,0,0.23299662636085275,1,1,-0.24691992306836752,1,3,-0.22420951589993884,0,Mr,0
550,2,0,-1.662117376242462,1,1,0.06679389013490176,1,3,0.30194727204021843,0,Master,1
551,1,0,-0.9798763353052686,0,2,1.5001769550558215,2,3,-0.013746800723875921,0,Mr,1
552,2,0,-0.22183073426394276,0,0,-0.14105963787342762,1,1,-0.013746800723875921,1,Mr,0
553,3,0,0.19854581869126806,0,0,-0.49239590640679987,0,1,-0.7503663038400961,1,Mr,0
554,3,0,-0.6008535347846057,0,0,-0.5040782414414634,2,1,0.6176413448043128,1,Mr,1
555,3,1,-0.6008535347846057,0,0,-0.49344387489220004,1,1,-0.960829019016159,1,Miss,1
556,1,0,2.4313288693806974,0,0,-0.13042527132416426,1,1,-0.960829019016159,1,Mr,0
557,1,1,1.3700650279228415,1,0,0.12189924407199378,2,2,3.985044787621319,0,Mrs,1
558,1,0,0.19854581869126806,0,0,3.755468941836208,2,1,-0.8555976614281275,1,Mr,0
559,1,1,0.6878239869856483,1,1,0.8962744809774443,1,3,1.1437981327444702,0,Mrs,1
560,3,1,0.4604103066732505,1,0,-0.30734246028009116,1,2,1.7751862782726588,0,Mrs,1
561,3,0,0.19854581869126806,0,0,-0.49392725518989383,0,1,-0.3294408734879703,1,Mr,0
562,3,0,0.7636285470897809,0,0,-0.4911081812937436,1,1,-1.0660603766041905,1,Mr,0
563,2,0,-0.14602617415981017,0,0,-0.3827497867203223,1,1,-0.11897815831190738,1,Mr,0
564,3,0,0.19854581869126806,0,0,-0.48812669161756833,1,1,-1.0660603766041905,1,Mr,0
565,3,1,-0.613396709893425,0,0,-0.48812669161756833,1,1,0.30194727204021843,1,Miss,0
566,3,0,-0.4492444145763405,2,0,-0.17682977990276808,1,3,-0.7503663038400961,0,Mr,0
567,3,0,-0.8282672150970034,0,0,-0.4911081812937436,1,1,-0.7503663038400961,1,Mr,0
568,3,1,-0.0702216140556776,0,4,-0.23628555651910413,1,5,1.6699549206846274,0,Mrs,0
569,3,0,0.19854581869126806,0,0,-0.5039970335514509,2,1,-0.8555976614281275,1,Mr,0
570,3,0,0.15719206625672016,0,0,-0.49191252610910613,1,1,-1.0660603766041905,1,Mr,1
571,2,0,2.4313288693806974,0,0,-0.440755422443577,1,1,-0.960829019016159,1,Mr,1
572,1,1,1.7490878284435045,2,0,0.3515860933665562,1,3,1.8804176358606903,0,Mrs,1
573,1,0,0.4604103066732505,0,0,-0.1335672432591739,1,1,0.5124099872162814,1,Mr,1
574,3,1,-0.613396709893425,0,0,-0.49392725518989383,0,1,-1.0660603766041905,1,Miss,1
575,3,0,-1.0556808954094012,0,0,-0.48812669161756833,1,1,0.09148455686415553,1,Mr,0
576,3,0,-0.8282672150970034,0,0,-0.3634145748125707,1,1,-0.7503663038400961,1,Mr,0
577,2,1,0.30880118646498533,0,0,-0.39241739267419806,1,1,-0.7503663038400961,1,Miss,1
578,1,1,0.6878239869856483,1,0,0.4370631981683443,1,2,1.4594922055085644,0,Mrs,1
579,3,1,0.5388592118972947,1,0,-0.3642208531491239,2,2,0.5124099872162814,0,Mrs,0
580,3,0,0.15719206625672016,0,0,-0.4905435931060373,1,1,-0.8555976614281275,1,Mr,1
581,2,1,-0.37343985447220795,1,1,-0.06371879024242134,1,3,-0.013746800723875921,0,Miss,1
582,1,1,0.6878239869856483,1,1,1.5001769550558215,2,3,2.6170371389769103,0,Mrs,1
583,2,0,1.8248923885476371,0,0,-0.14105963787342762,1,1,-0.11897815831190738,1,Mr,0
584,1,0,0.4604103066732505,0,0,0.13205023032356333,2,1,-0.8555976614281275,1,Mr,0
585,3,0,0.19854581869126806,0,0,-0.47531711372868296,2,1,-0.8555976614281275,1,Mr,0
586,1,1,-0.904071775201136,0,2,0.8962744809774443,1,3,-0.8555976614281275,0,Miss,1
587,2,0,1.294260467818709,0,0,-0.35374696885869494,1,1,-0.4346722310760017,1,Mr,0
588,1,0,2.2797197491724326,1,1,0.8875736356189561,2,3,0.5124099872162814,0,Mr,1
589,3,0,-0.6008535347846057,0,0,-0.48812669161756833,1,1,-0.6451349462520647,1,Mr,0
590,3,0,0.19854581869126806,0,0,-0.48812669161756833,1,1,-0.8555976614281275,1,Mr,0
591,3,0,0.38460574656911795,0,0,-0.5060117626322386,1,1,-0.7503663038400961,1,Mr,0
592,1,1,1.673283268339372,1,0,0.8695280823454514,2,2,2.0908803510367533,0,Mrs,1
593,3,0,1.294260467818709,0,0,-0.5035948611437696,1,1,-0.11897815831190738,1,Mr,0
594,3,1,-0.613396709893425,0,2,-0.49392725518989383,0,3,-0.960829019016159,0,Miss,0
595,2,0,0.5362148667773831,1,0,-0.14105963787342762,1,2,-0.4346722310760017,0,Mr,0
596,3,0,0.4604103066732505,1,1,-0.17682977990276808,1,3,-0.013746800723875921,0,Mr,0
597,2,1,-0.613396709893425,0,0,-0.005713154519166626,1,1,-0.11897815831190738,1,Miss,1
598,3,0,1.445869588026974,0,0,-0.6437751474749684,1,1,-0.8555976614281275,1,Mr,0
599,3,0,0.19854581869126806,0,0,-0.5040782414414634,2,1,-1.0660603766041905,1,Mr,0
600,1,0,1.445869588026974,1,0,0.4569629982638023,2,2,1.7751862782726588,0,Mr,1
601,2,1,-0.4492444145763405,2,1,-0.12172442596567605,1,4,2.5118057813888788,0,Mrs,1
602,3,0,0.19854581869126806,0,0,-0.4911081812937436,1,1,-0.7503663038400961,1,Mr,0
603,1,0,0.19854581869126806,0,0,0.17603783741369813,1,1,-0.22420951589993884,1,Mr,0
604,3,0,1.0668467875063112,0,0,-0.48812669161756833,1,1,-0.22420951589993884,1,Mr,0
605,1,0,0.38460574656911795,0,0,-0.13042527132416426,2,1,0.4071786296282499,1,Mr,1
606,3,0,0.4604103066732505,1,0,-0.3431126023094315,1,2,0.19671591445218697,0,Mr,0
607,3,0,0.00558294604845499,0,0,-0.4911081812937436,1,1,-1.0660603766041905,1,Mr,0
608,1,0,-0.22183073426394276,0,0,-0.05405118428854556,1,1,-0.013746800723875921,1,Mr,1
609,2,1,-0.6008535347846057,1,2,0.16016749547981565,2,4,2.7222684965649417,0,Mrs,1
610,1,1,0.7636285470897809,0,0,2.323454809918357,1,1,-0.22420951589993884,1,Miss,1
611,3,1,0.6878239869856483,1,5,-0.03906639506003812,1,7,3.1431939269170677,0,Mrs,0
612,3,0,0.19854581869126806,0,0,-0.50746190352532,1,1,-0.6451349462520647,1,Mr,0
613,3,1,-0.613396709893425,1,0,-0.3440793629048191,0,2,-0.013746800723875921,0,Miss,1
614,3,0,0.19854581869126806,0,0,-0.49392725518989383,0,1,-1.171291734192222,1,Mr,0
615,3,0,0.38460574656911795,0,0,-0.48812669161756833,1,1,0.4071786296282499,1,Mr,0
616,2,1,-0.4492444145763405,1,2,0.6130136265288837,1,4,-0.8555976614281275,0,Miss,1
617,3,0,0.30880118646498533,1,1,-0.3653480960033459,1,3,-0.22420951589993884,0,Mr,0
618,3,1,-0.29763529436807534,1,0,-0.33247823576016816,1,2,2.0908803510367533,0,Mrs,0
619,2,1,-1.9653356166589924,2,1,0.1102981169273428,1,4,-0.013746800723875921,0,Miss,1
620,2,0,-0.29763529436807534,0,0,-0.440755422443577,1,1,-0.8555976614281275,1,Mr,0
621,3,0,-0.22183073426394276,1,0,-0.3643001275179457,2,2,-0.8555976614281275,0,Mr,0
622,1,0,0.915237667298046,1,0,0.3723714461673892,1,2,0.09148455686415553,0,Mr,1
623,3,0,-0.7524626549928709,1,1,-0.33940604218671555,2,3,-1.171291734192222,0,Mr,1
624,3,0,-0.6766580948887383,0,0,-0.49191252610910613,1,1,-0.013746800723875921,1,Mr,0
625,3,0,-0.6766580948887383,0,0,-0.33247823576016816,1,1,-0.013746800723875921,1,Mr,0
626,1,0,2.355524309276565,0,0,-0.018845630446911524,1,1,-0.6451349462520647,1,Mr,0
627,2,0,2.0523060688600347,0,0,-0.40498528041423654,0,1,0.30194727204021843,1,Other,0
628,1,1,-0.6766580948887383,0,0,0.8635651029931007,1,1,0.19671591445218697,1,Miss,1
629,3,0,-0.29763529436807534,0,0,-0.4911081812937436,1,1,-0.22420951589993884,1,Mr,0
630,3,0,0.19854581869126806,0,0,-0.49425015322875326,0,1,-0.3294408734879703,1,Mr,0
631,1,0,3.795810951255084,0,0,-0.06371879024242134,1,1,0.9333354175684072,1,Mr,1
632,3,0,1.5974787082352393,0,0,-0.5073806956353073,1,1,-0.013746800723875921,1,Mr,0
633,1,0,0.15719206625672016,0,0,-0.05405118428854556,2,1,-0.22420951589993884,1,Mr,1
634,1,0,0.19854581869126806,0,0,-0.6437751474749684,1,1,0.19671591445218697,1,Mr,0
635,3,1,-1.5863128161383293,3,2,-0.10432273524869967,1,6,-0.960829019016159,0,Miss,0
636,2,1,-0.14602617415981017,0,0,-0.39241739267419806,1,1,-1.0660603766041905,1,Miss,1
637,3,0,0.15719206625672016,0,0,-0.4905435931060373,1,1,-0.11897815831190738,1,Mr,0
638,2,0,0.08138750615258758,1,1,-0.13622583489648973,1,3,-0.8555976614281275,0,Mr,0
639,3,1,0.8394331071939134,0,5,0.123591075113922,1,6,1.1437981327444702,0,Mrs,0
640,3,0,0.19854581869126806,1,0,-0.33247823576016816,1,2,-0.11897815831190738,0,Mr,0
641,3,0,-0.7524626549928709,0,0,-0.49191252610910613,1,1,-0.5399035886640332,1,Mr,0
642,1,1,-0.4492444145763405,0,0,0.6961550377322153,2,1,-0.7503663038400961,1,Miss,1
643,3,1,-2.1169447368672576,3,2,-0.10432273524869967,1,6,0.19671591445218697,0,Miss,0
644,3,0,0.19854581869126806,0,0,0.4485831174229828,1,1,-1.2765230917802535,1,Mr,1
645,3,1,-2.211700436997423,2,1,-0.27141183599191643,2,4,-0.5399035886640332,0,Miss,1
646,1,0,1.3700650279228415,1,0,0.8398001940372836,2,2,-0.22420951589993884,0,Mr,1
647,3,0,-0.8282672150970034,0,0,-0.4911081812937436,1,1,-1.0660603766041905,1,Mr,0
648,1,0,1.9765015087559021,0,0,0.0426248752502123,2,1,0.8281040599803757,1,Other,1
649,3,0,0.19854581869126806,0,0,-0.4977942975714441,1,1,-0.960829019016159,1,Mr,0
650,3,1,-0.5250489746804731,0,0,-0.4977942975714441,1,1,0.4071786296282499,1,Miss,1
651,3,0,0.19854581869126806,0,0,-0.4911081812937436,1,1,-1.0660603766041905,1,Mr,0
652,2,1,-0.904071775201136,0,1,-0.19906527359668233,1,2,-0.8555976614281275,0,Miss,1
653,3,0,-0.6766580948887383,0,0,-0.4807155048933272,1,1,0.30194727204021843,1,Mr,0
654,3,1,-0.613396709893425,0,0,-0.49239590640679987,0,1,0.19671591445218697,1,Miss,1
655,3,1,-0.904071775201136,0,0,-0.5132624670976453,0,1,0.09148455686415553,1,Miss,0
656,2,0,-0.4492444145763405,2,0,0.777362927744772,1,3,-0.22420951589993884,0,Mr,0
657,3,0,0.19854581869126806,0,0,-0.4911081812937436,1,1,-0.6451349462520647,1,Mr,0
658,3,1,0.15719206625672016,1,1,-0.3440793629048191,0,3,0.19671591445218697,0,Mrs,0
659,2,0,-0.5250489746804731,0,0,-0.39241739267419806,1,1,0.09148455686415553,1,Mr,0
660,1,0,2.1281106289641674,0,2,1.546420981375591,2,3,-0.11897815831190738,0,Mr,0
661,1,0,1.5216741481311067,2,0,1.9403759239960292,1,3,0.19671591445218697,0,Mr,1
662,3,0,0.7636285470897809,0,0,-0.5040782414414634,2,1,-1.0660603766041905,1,Mr,0
663,1,0,1.294260467818709,0,0,-0.1490354127853752,1,1,-0.11897815831190738,1,Mr,0
664,3,0,0.4604103066732505,0,0,-0.4988422660568443,1,1,-1.171291734192222,1,Mr,0
665,3,0,-0.7524626549928709,1,0,-0.4905435931060373,1,2,-0.013746800723875921,0,Mr,1
666,2,0,0.15719206625672016,2,0,0.777362927744772,1,3,-0.960829019016159,0,Mr,0
667,2,0,-0.37343985447220795,0,0,-0.39241739267419806,1,1,-0.013746800723875921,1,Mr,0
668,3,0,0.19854581869126806,0,0,-0.49344387489220004,1,1,-0.11897815831190738,1,Mr,0
669,3,0,0.9910422274021786,0,0,-0.48812669161756833,1,1,-1.2765230917802535,1,Mr,0
670,1,1,0.5388592118972947,1,0,0.36165587172811325,1,2,2.3013430662128163,0,Mrs,1
671,2,1,0.7636285470897809,1,1,0.1102981169273428,1,3,3.564119357269193,0,Mrs,1
672,1,0,0.08138750615258758,1,0,0.36165587172811325,1,2,-0.5399035886640332,0,Mr,0
673,2,0,3.0377653502137583,0,0,-0.440755422443577,1,1,-0.013746800723875921,1,Mr,0
674,2,0,0.08138750615258758,0,0,-0.39241739267419806,1,1,-0.6451349462520647,1,Mr,1
675,2,0,0.19854581869126806,0,0,-0.6437751474749684,1,1,-0.11897815831190738,1,Mr,0
676,3,0,-0.904071775201136,0,0,-0.49344387489220004,1,1,0.30194727204021843,1,Mr,0
677,3,0,-0.41134213452427426,0,0,-0.48812669161756833,1,1,0.19671591445218697,1,Mr,0
678,3,1,-0.904071775201136,0,0,-0.45348379244244985,1,1,-0.4346722310760017,1,Miss,1
679,3,1,0.9910422274021786,1,6,0.2630462909985802,1,8,1.2490294903325014,0,Mrs,0
680,1,0,0.4604103066732505,0,1,9.262218501053868,2,2,0.7228727023923442,0,Mr,1
681,3,1,-0.613396709893425,0,0,-0.4864348605756401,0,1,-0.8555976614281275,1,Miss,0
682,1,0,-0.22183073426394276,0,0,0.8398001940372836,2,1,-0.960829019016159,1,Mr,1
683,3,0,-0.7524626549928709,0,0,-0.46540781762596023,1,1,-0.013746800723875921,1,Mr,0
684,3,0,-1.2072900156176665,5,2,0.2630462909985802,1,8,-0.013746800723875921,0,Mr,0
685,2,0,2.2797197491724326,1,1,0.1102981169273428,1,3,0.6176413448043128,0,Mr,0
686,2,0,-0.37343985447220795,1,2,0.16016749547981565,2,4,1.1437981327444702,0,Mr,0
687,3,0,-1.2072900156176665,4,1,0.123591075113922,1,6,-0.3294408734879703,0,Mr,0
688,3,0,-0.8282672150970034,0,0,-0.4471205742036088,1,1,-1.0660603766041905,1,Mr,0
689,3,0,-0.904071775201136,0,0,-0.4930417024845188,1,1,0.4071786296282499,1,Mr,0
690,1,1,-1.1314854555135339,0,1,3.4424801990794793,1,2,0.6176413448043128,0,Miss,1
691,1,0,0.08138750615258758,1,0,0.4583319312668711,1,2,-0.4346722310760017,0,Mr,1
692,3,1,-1.9653356166589924,0,1,-0.384360409872238,2,2,-0.960829019016159,0,Miss,1
693,3,0,0.19854581869126806,0,0,0.4485831174229828,1,1,-1.5922171645443477,1,Mr,1
694,3,0,-0.37343985447220795,0,0,-0.5040782414414634,2,1,-1.171291734192222,1,Mr,0
695,1,0,2.2797197491724326,0,0,-0.13042527132416426,1,1,-1.2765230917802535,1,Other,0
696,2,0,1.673283268339372,0,0,-0.3827497867203223,1,1,-0.11897815831190738,1,Mr,0
697,3,0,1.0668467875063112,0,0,-0.48812669161756833,1,1,-1.171291734192222,1,Mr,0
698,3,1,-0.613396709893425,0,0,-0.49425015322875326,0,1,0.5124099872162814,1,Miss,1
699,1,0,1.445869588026974,1,1,1.5001769550558215,2,3,-0.3294408734879703,0,Mr,0
700,3,0,0.915237667298046,0,0,-0.495860776380669,1,1,1.354260847920533,1,Mr,0
701,1,1,-0.904071775201136,1,0,3.755468941836208,2,2,2.3013430662128163,0,Mrs,1
702,1,0,0.38460574656911795,0,0,-0.13550076444994902,1,1,0.5124099872162814,1,Mr,1
703,3,1,-0.904071775201136,0,1,-0.3643001275179457,2,2,-0.6451349462520647,0,Miss,0
704,3,0,-0.37343985447220795,0,0,-0.49408773744872814,0,1,-0.6451349462520647,1,Mr,0
705,3,0,-0.29763529436807534,1,0,-0.49191252610910613,1,2,-0.4346722310760017,0,Mr,0
706,2,0,0.6878239869856483,0,0,-0.14105963787342762,1,1,1.9856489934487218,1,Mr,0
707,2,1,1.1426513476104438,0,0,-0.3827497867203223,1,1,0.19671591445218697,1,Mrs,1
708,1,0,0.915237667298046,0,0,-0.13550076444994902,1,1,0.6176413448043128,1,Mr,1
709,1,1,-0.6008535347846057,0,0,2.2864762171447826,1,1,-0.7503663038400961,1,Miss,1
710,3,0,-1.8529446292442238,1,1,-0.3489943737717696,2,3,2.3013430662128163,0,Master,1
711,1,1,-0.4492444145763405,0,0,0.31339904984874684,2,1,2.1961117086247848,1,Miss,1
712,1,0,0.19854581869126806,0,0,-0.13042527132416426,1,1,-0.960829019016159,1,Mr,0
713,1,0,1.3700650279228415,1,0,0.36165587172811325,1,2,-0.3294408734879703,0,Mr,1
714,3,0,-0.0702216140556776,0,0,-0.460413532390188,1,1,-0.11897815831190738,1,Mr,0
715,2,0,1.673283268339372,0,0,-0.39241739267419806,1,1,-0.6451349462520647,1,Mr,0
716,3,0,-0.8282672150970034,0,0,-0.495860776380669,1,1,1.5647235630965959,1,Mr,0
717,1,1,0.6120194268815157,0,0,3.755468941836208,2,1,0.19671591445218697,1,Miss,1
718,2,1,-0.22183073426394276,0,0,-0.440755422443577,1,1,0.8281040599803757,1,Miss,1
719,3,0,0.19854581869126806,0,0,-0.3440793629048191,0,1,-0.8555976614281275,1,Mr,0
720,3,0,0.23299662636085275,0,0,-0.49344387489220004,1,1,0.09148455686415553,1,Mr,0
721,2,1,-1.8137264964507271,0,1,-0.005713154519166626,1,2,0.6176413448043128,0,Miss,1
722,3,0,-0.9798763353052686,1,0,-0.5073806956353073,1,2,-0.22420951589993884,0,Mr,0
723,2,0,0.30880118646498533,0,0,-0.39241739267419806,1,1,0.09148455686415553,1,Mr,0
724,2,0,1.5216741481311067,0,0,-0.39241739267419806,1,1,-0.4346722310760017,1,Mr,0
725,1,0,-0.22183073426394276,1,0,0.38292460482664,1,2,0.19671591445218697,0,Mr,1
726,3,0,-0.7524626549928709,0,0,-0.4762838743240705,1,1,-0.8555976614281275,1,Mr,0
727,2,1,0.00558294604845499,3,0,-0.23773569741218548,1,4,1.6699549206846274,0,Mrs,1
728,3,1,-0.613396709893425,0,0,-0.4941689453387407,0,1,-0.3294408734879703,1,Miss,1
729,2,0,-0.37343985447220795,1,0,-0.14105963787342762,1,2,0.4071786296282499,0,Mr,0
730,3,1,-0.37343985447220795,1,0,-0.4905435931060373,1,2,0.19671591445218697,0,Miss,0
731,1,1,-0.0702216140556776,0,0,3.4424801990794793,1,1,0.19671591445218697,1,Miss,1
732,3,0,-1.434703695930064,0,0,-0.2805148537580858,2,1,-0.3294408734879703,1,Mr,0
733,2,0,0.19854581869126806,0,0,-0.6437751474749684,1,1,-0.7503663038400961,1,Mr,0
734,2,0,-0.5250489746804731,0,0,-0.39241739267419806,1,1,-0.11897815831190738,1,Mr,0
735,2,0,-0.5250489746804731,0,0,-0.39241739267419806,1,1,0.09148455686415553,1,Mr,0
736,3,0,-0.1081238941077439,0,0,-0.33247823576016816,1,1,-0.7503663038400961,1,Mr,0
737,3,1,1.3700650279228415,1,3,0.020872761853991784,1,5,1.2490294903325014,0,Mrs,0
738,1,0,0.38460574656911795,0,0,9.262218501053868,2,1,-0.5399035886640332,1,Mr,1
739,3,0,0.19854581869126806,0,0,-0.4911081812937436,1,1,-0.960829019016159,1,Mr,0
740,3,0,0.19854581869126806,0,0,-0.4911081812937436,1,1,-0.960829019016159,1,Mr,0
741,1,0,0.19854581869126806,0,0,-0.06371879024242134,1,1,-0.013746800723875921,1,Mr,1
742,1,0,0.4604103066732505,1,0,0.8808063114512428,1,2,0.19671591445218697,0,Mr,0
743,1,1,-0.6766580948887383,2,2,4.42930107682135,2,5,1.0385667751564387,0,Miss,1
744,3,0,-0.4492444145763405,1,0,-0.33247823576016816,1,2,-1.0660603766041905,0,Mr,0
745,3,0,0.08138750615258758,0,0,-0.4905435931060373,1,1,-0.960829019016159,1,Mr,1
746,1,0,3.0377653502137583,1,1,0.729024897975393,1,3,0.09148455686415553,0,Mr,0
747,3,0,-1.0556808954094012,1,1,-0.2522371063429992,1,3,-0.013746800723875921,0,Mr,0
748,2,1,0.00558294604845499,0,0,-0.39241739267419806,1,1,-0.6451349462520647,1,Miss,1
749,1,0,-0.8282672150970034,1,0,0.38292460482664,1,2,-0.22420951589993884,0,Mr,0
750,3,0,0.08138750615258758,0,0,-0.49392725518989383,0,1,-0.4346722310760017,1,Mr,0
751,2,1,-1.9653356166589924,1,1,-0.19906527359668233,1,3,-1.0660603766041905,0,Miss,1
752,3,0,-1.8137264964507271,0,1,-0.40256837892576763,1,2,-0.8555976614281275,0,Master,1
753,3,0,0.23299662636085275,0,0,-0.4600906343513286,1,1,0.5124099872162814,1,Mr,0
754,3,0,-0.5250489746804731,0,0,-0.4911081812937436,1,1,-0.960829019016159,1,Mr,0
755,2,1,1.3700650279228415,1,2,0.6130136265288837,1,4,0.5124099872162814,0,Mrs,1
756,2,0,-2.2177648018057536,1,1,-0.3634145748125707,1,3,-0.22420951589993884,0,Master,1
757,3,0,-0.14602617415981017,0,0,-0.4930417024845188,1,1,0.09148455686415553,1,Mr,0
758,2,0,-0.904071775201136,0,0,-0.4214202105358254,1,1,-0.3294408734879703,1,Mr,0
759,3,0,0.30880118646498533,0,0,-0.48812669161756833,1,1,0.09148455686415553,1,Mr,0
760,1,1,0.23299662636085275,0,0,1.0287206825455424,1,1,3.037962569329036,1,Mrs,1
761,3,0,0.19854581869126806,0,0,-0.3634145748125707,1,1,-0.960829019016159,1,Mr,0
762,3,0,0.8394331071939134,0,0,-0.5060117626322386,1,1,0.30194727204021843,1,Mr,0
763,3,0,-0.7524626549928709,0,0,-0.5039970335514509,2,1,-0.6451349462520647,1,Mr,1
764,1,1,0.4604103066732505,1,2,1.67645028145522,1,4,1.4594922055085644,0,Mrs,1
765,3,0,-1.0556808954094012,0,0,-0.49344387489220004,1,1,-0.5399035886640332,1,Mr,0
766,1,1,1.5974787082352393,1,0,0.8635651029931007,1,2,0.9333354175684072,0,Mrs,1
767,1,0,0.19854581869126806,0,0,0.12189924407199378,2,1,-0.22420951589993884,1,Mr,0
768,3,1,0.04348522610052128,0,0,-0.49392725518989383,0,1,-0.960829019016159,1,Miss,0
769,3,0,0.19854581869126806,1,0,-0.17682977990276808,0,2,-0.8555976614281275,0,Mr,0
770,3,0,0.15719206625672016,0,0,-0.48208443789639593,1,1,0.5124099872162814,1,Mr,0
771,3,0,-0.4492444145763405,0,0,-0.4600906343513286,1,1,-0.5399035886640332,1,Mr,0
772,3,0,1.3700650279228415,0,0,-0.49191252610910613,1,1,-0.4346722310760017,1,Mr,0
773,2,1,2.0523060688600347,0,0,-0.440755422443577,1,1,-1.0660603766041905,1,Mrs,0
774,3,0,0.19854581869126806,0,0,-0.5040782414414634,2,1,-1.2765230917802535,1,Mr,0
775,2,1,1.8248923885476371,1,3,-0.19906527359668233,1,5,1.0385667751564387,0,Mrs,1
776,3,0,-0.904071775201136,0,0,-0.49392725518989383,1,1,1.2490294903325014,1,Mr,0
777,3,0,0.19854581869126806,0,0,-0.49392725518989383,0,1,-1.171291734192222,1,Mr,0
778,3,1,-1.8895310565548598,0,0,-0.40256837892576763,1,1,0.19671591445218697,1,Miss,1
779,3,0,0.19854581869126806,0,0,-0.4941689453387407,0,1,-0.4346722310760017,1,Mr,0
780,1,1,0.9910422274021786,0,1,3.4424801990794793,1,2,2.7222684965649417,0,Mrs,1
781,3,1,-1.283094575721799,0,0,-0.5039970335514509,2,1,-0.7503663038400961,1,Miss,1
782,1,1,-0.9798763353052686,1,0,0.4583319312668711,1,2,1.4594922055085644,0,Mrs,1
783,1,0,-0.0702216140556776,0,0,-0.06371879024242134,1,1,-0.5399035886640332,1,Mr,0
784,3,0,0.19854581869126806,1,2,-0.19036442823819416,1,4,-0.5399035886640332,0,Mr,0
785,3,0,-0.37343985447220795,0,0,-0.50746190352532,1,1,-1.171291734192222,1,Mr,0
786,3,0,-0.37343985447220795,0,0,-0.5035948611437696,1,1,0.7228727023923442,1,Mr,0
787,3,1,-0.904071775201136,0,0,-0.4988422660568443,1,1,-0.22420951589993884,1,Miss,1
788,3,0,-1.662117376242462,4,1,-0.08063710066170397,0,6,-0.22420951589993884,0,Master,0
789,3,0,-2.19274929697139,1,2,-0.2459531624729799,1,4,-0.11897815831190738,0,Master,1
790,1,0,1.2184559077145765,0,0,0.8875736356189561,2,1,-0.3294408734879703,1,Mr,0
791,3,0,0.19854581869126806,0,0,-0.49392725518989383,0,1,-0.3294408734879703,1,Mr,0
792,2,0,-1.0556808954094012,0,0,-0.14105963787342762,1,1,-0.8555976614281275,1,Mr,0
793,3,1,-0.613396709893425,8,2,0.7009888407091532,1,11,-0.4346722310760017,0,Miss,0
794,1,0,0.19854581869126806,0,0,-0.05026534979700783,2,1,-0.3294408734879703,1,Mr,0
795,3,0,-0.37343985447220795,0,0,-0.4911081812937436,1,1,-0.6451349462520647,1,Mr,0
796,2,0,0.6878239869856483,0,0,-0.39241739267419806,1,1,-0.960829019016159,1,Mr,0
797,1,1,1.445869588026974,0,0,-0.1424285708764964,1,1,-0.013746800723875921,1,Mr,1
798,3,1,0.08138750615258758,0,0,-0.4758817019163893,1,1,-1.171291734192222,1,Mrs,1
799,3,0,0.00558294604845499,0,0,-0.5039970335514509,2,1,0.09148455686415553,1,Mr,0
800,3,1,0.00558294604845499,1,1,-0.17682977990276808,1,3,2.6170371389769103,0,Mrs,0
801,2,0,0.30880118646498533,0,0,-0.39241739267419806,1,1,-0.7503663038400961,1,Mr,0
802,2,1,0.08138750615258758,1,1,-0.13622583489648973,1,3,1.6699549206846274,0,Mrs,1
803,1,0,-1.434703695930064,1,2,1.67645028145522,1,4,0.8281040599803757,0,Master,1
804,3,0,-2.2367159418317866,0,1,-0.4791029482202207,2,2,0.4071786296282499,0,Master,1
805,3,0,-0.22183073426394276,0,0,-0.5089120444184012,1,1,-0.4346722310760017,1,Mr,1
806,3,0,0.08138750615258758,0,0,-0.49344387489220004,1,1,-0.22420951589993884,1,Mr,0
807,1,0,0.6878239869856483,0,0,-0.6437751474749684,1,1,-0.5399035886640332,1,Mr,0
808,3,1,-0.904071775201136,0,0,-0.49344387489220004,1,1,0.4071786296282499,1,Miss,0
809,2,0,0.6878239869856483,0,0,-0.39241739267419806,1,1,-1.0660603766041905,1,Mr,0
810,1,1,0.23299662636085275,1,0,0.38292460482664,1,2,1.9856489934487218,0,Mrs,1
811,3,0,-0.29763529436807534,0,0,-0.491268663552578,1,1,-0.5399035886640332,1,Mr,0
812,3,0,0.6878239869856483,0,0,-0.17682977990276808,1,1,-1.0660603766041905,1,Mr,0
813,2,0,0.38460574656911795,0,0,-0.440755422443577,1,1,-0.22420951589993884,1,Mr,0
814,3,1,-1.8137264964507271,4,2,-0.03906639506003812,1,7,0.7228727023923442,0,Miss,0
815,3,0,0.04348522610052128,0,0,-0.48812669161756833,1,1,-0.11897815831190738,1,Mr,0
816,1,0,0.19854581869126806,0,0,-0.6437751474749684,1,1,-1.171291734192222,1,Mr,0
817,3,1,-0.5250489746804731,0,0,-0.4905435931060373,1,1,0.09148455686415553,1,Miss,0
818,2,0,0.08138750615258758,1,1,0.07170890100185216,2,3,-0.960829019016159,0,Mr,0
819,3,0,0.9910422274021786,0,0,-0.5190630306699708,1,1,0.5124099872162814,1,Mr,0
820,3,0,-1.5105082560341967,3,2,-0.10432273524869967,1,6,0.09148455686415553,0,Master,0
821,1,1,1.673283268339372,1,1,1.1640671658998034,1,3,2.4065744238008477,0,Mrs,1
822,3,0,-0.22183073426394276,0,0,-0.4762838743240705,1,1,-1.0660603766041905,1,Mr,1
823,1,0,0.6120194268815157,0,0,-0.6437751474749684,1,1,0.4071786296282499,1,Other,0
824,3,1,-0.22183073426394276,0,1,-0.40256837892576763,1,2,-0.960829019016159,0,Mrs,1
825,3,0,-2.1169447368672576,4,1,0.123591075113922,1,6,0.09148455686415553,0,Master,0
826,3,0,0.19854581869126806,0,0,-0.5093954247160951,0,1,-1.2765230917802535,1,Mr,0
827,3,0,0.19854581869126806,0,0,0.4485831174229828,1,1,-1.5922171645443477,1,Mr,0
828,2,0,-2.19274929697139,0,2,0.07170890100185216,2,3,-0.6451349462520647,0,Master,1
829,3,0,0.19854581869126806,0,0,-0.49392725518989383,0,1,0.09148455686415553,1,Mr,1
830,1,1,2.4313288693806974,0,0,0.9030418051451572,1,1,1.4594922055085644,1,Mrs,1
831,3,1,-1.1314854555135339,1,0,-0.3643001275179457,2,2,1.2490294903325014,0,Mrs,1
832,2,0,-2.2056360721890926,1,1,-0.2812399242046265,1,3,0.4071786296282499,0,Master,1
833,3,0,0.19854581869126806,0,0,-0.5039970335514509,2,1,-1.3817544493682847,1,Mr,0
834,3,0,-0.5250489746804731,0,0,-0.49191252610910613,1,1,-0.5399035886640332,1,Mr,0
835,3,0,-0.904071775201136,0,0,-0.4832928886406304,1,1,-0.5399035886640332,1,Mr,0
836,1,1,0.6878239869856483,1,1,0.964108204913409,2,3,-0.013746800723875921,0,Miss,1
837,3,0,-0.6766580948887383,0,0,-0.4762838743240705,1,1,-1.171291734192222,1,Mr,0
838,3,0,0.19854581869126806,0,0,-0.48812669161756833,1,1,-0.8555976614281275,1,Mr,0
839,3,0,0.15719206625672016,0,0,0.4485831174229828,1,1,-1.2765230917802535,1,Mr,1
840,1,0,0.19854581869126806,0,0,-0.06951935381474683,2,1,-0.7503663038400961,1,Mr,1
841,3,0,-0.7524626549928709,0,0,-0.4905435931060373,1,1,-0.013746800723875921,1,Mr,0
842,2,0,-1.0556808954094012,0,0,-0.440755422443577,1,1,-0.3294408734879703,1,Mr,0
843,1,1,0.00558294604845499,0,0,-0.04438357833466977,2,1,-0.4346722310760017,1,Miss,1
844,3,0,0.34670346651705164,0,0,-0.5193047208188177,2,1,-0.11897815831190738,1,Mr,0
845,3,0,-0.9798763353052686,0,0,-0.4762838743240705,1,1,-0.8555976614281275,1,Mr,0
846,3,0,0.915237667298046,0,0,-0.4977942975714441,1,1,-0.8555976614281275,1,Mr,0
847,3,0,0.19854581869126806,8,2,0.7009888407091532,1,11,-0.3294408734879703,0,Mr,0
848,3,0,0.38460574656911795,0,0,-0.4911081812937436,2,1,-0.960829019016159,1,Mr,0
849,2,0,-0.14602617415981017,0,1,-0.005713154519166626,1,2,-1.0660603766041905,0,Other,0
850,1,1,0.5388592118972947,1,0,1.0790734413957093,2,2,1.7751862782726588,0,Mrs,1
851,3,0,-1.9653356166589924,4,2,-0.03906639506003812,1,7,1.2490294903325014,0,Master,0
852,3,0,3.3409835906302887,0,0,-0.49344387489220004,1,1,-0.8555976614281275,1,Mr,0
853,3,1,-1.5863128161383293,1,1,-0.3489943737717696,2,3,-0.4346722310760017,0,Miss,0
854,1,1,-1.0556808954094012,0,1,0.1180322016904434,1,2,-0.22420951589993884,0,Miss,1
855,2,1,1.0668467875063112,1,0,-0.14105963787342762,1,2,1.8804176358606903,0,Mrs,0
856,3,1,-0.904071775201136,0,1,-0.46299091613749127,1,2,-0.11897815831190738,0,Mrs,1
857,1,1,1.1426513476104438,1,1,2.543957433556738,1,3,1.5647235630965959,0,Mrs,1
858,1,0,1.5974787082352393,0,0,-0.13042527132416426,1,1,-0.5399035886640332,1,Mr,1
859,3,1,-0.4492444145763405,0,3,-0.27141183599191643,2,4,1.0385667751564387,0,Mrs,1
860,3,0,0.19854581869126806,0,0,-0.5039970335514509,2,1,-1.171291734192222,1,Mr,0
861,3,0,0.8394331071939134,2,0,-0.370988177316837,1,3,-0.4346722310760017,0,Mr,0
862,2,0,-0.6766580948887383,1,0,-0.4214202105358254,1,2,-0.013746800723875921,0,Mr,0
863,1,1,1.3700650279228415,0,0,-0.1424285708764964,1,1,2.5118057813888788,1,Mrs,1
864,3,1,-0.613396709893425,8,2,0.7009888407091532,1,11,0.6176413448043128,0,Miss,0
865,2,0,-0.4492444145763405,0,0,-0.39241739267419806,1,1,-0.5399035886640332,1,Mr,0
866,2,1,0.915237667298046,0,0,-0.39241739267419806,1,1,-0.3294408734879703,1,Mrs,1
867,2,1,-0.22183073426394276,1,0,-0.3758219802937749,2,2,0.09148455686415553,0,Miss,1
868,1,0,0.08138750615258758,0,0,0.3325718459764734,1,1,0.9333354175684072,1,Mr,0
869,3,0,0.19854581869126806,0,0,-0.4600906343513286,1,1,-0.013746800723875921,1,Mr,0
870,3,0,-1.9653356166589924,1,1,-0.428510432742398,1,3,0.4071786296282499,0,Master,1
871,3,0,-0.29763529436807534,0,0,-0.4911081812937436,1,1,-1.0660603766041905,1,Mr,0
872,1,1,1.294260467818709,1,1,0.3723714461673892,1,3,2.1961117086247848,0,Mrs,1
873,1,0,0.23299662636085275,0,0,-0.5470990879362106,1,1,-0.3294408734879703,1,Mr,0
874,3,0,1.294260467818709,0,0,-0.46975824030520436,1,1,-0.013746800723875921,1,Mr,0
875,2,1,-0.14602617415981017,1,0,-0.17973006168893077,2,2,1.0385667751564387,0,Mrs,1
876,3,1,-1.1314854555135339,0,0,-0.5040782414414634,2,1,0.5124099872162814,1,Miss,1
877,3,0,-0.7524626549928709,0,0,-0.4534045180736281,1,1,0.19671591445218697,1,Mr,0
878,3,0,-0.8282672150970034,0,0,-0.4911081812937436,1,1,-0.7503663038400961,1,Mr,0
879,3,0,0.19854581869126806,0,0,-0.4911081812937436,1,1,-0.960829019016159,1,Mr,0
880,1,1,1.9765015087559021,0,1,0.964108204913409,2,2,1.8804176358606903,0,Mrs,1
881,2,1,-0.37343985447220795,0,1,-0.14105963787342762,1,2,1.7751862782726588,0,Mrs,1
882,3,0,0.23299662636085275,0,0,-0.4911081812937436,1,1,-0.960829019016159,1,Mr,0
883,3,1,-0.6008535347846057,0,0,-0.44043252440471753,1,1,0.09148455686415553,1,Miss,0
884,2,0,-0.14602617415981017,0,0,-0.440755422443577,1,1,0.19671591445218697,1,Mr,0
885,3,0,-0.37343985447220795,0,0,-0.50746190352532,1,1,-0.5399035886640332,1,Mr,0
886,3,1,0.6878239869856483,0,5,-0.08063710066170397,0,6,0.9333354175684072,0,Mrs,0
887,2,0,-0.22183073426394276,0,0,-0.39241739267419806,1,1,-0.6451349462520647,1,Other,0
888,1,1,-0.8282672150970034,0,0,-0.06371879024242134,1,1,0.09148455686415553,1,Miss,1
889,3,1,-0.613396709893425,1,2,-0.19036442823819416,1,4,1.354260847920533,0,Miss,0
890,1,0,-0.29763529436807534,0,0,-0.06371879024242134,2,1,-0.6451349462520647,1,Mr,1
891,3,0,0.15719206625672016,0,0,-0.49392725518989383,0,1,-0.8555976614281275,1,Mr,0
